Time,PPM
7/8/25 13:15,763
7/8/25 13:15,763
7/8/25 13:16,798
7/8/25 13:16,798
7/8/25 13:17,849
7/8/25 13:17,849
7/8/25 13:18,802
7/8/25 13:18,802
7/8/25 13:19,778
7/8/25 13:19,778
7/8/25 13:20,812
7/8/25 13:20,812
7/8/25 13:22,760
7/8/25 13:22,760
7/8/25 13:23,799
7/8/25 13:23,799
7/8/25 13:24,782
7/8/25 13:24,782
7/8/25 13:25,769
7/8/25 13:25,769
7/8/25 13:26,765
7/8/25 13:26,765
7/8/25 13:27,761
7/8/25 13:28,759
7/8/25 13:29,755
7/8/25 13:29,755
7/8/25 13:30,734
7/8/25 13:30,734
7/8/25 13:32,712
7/8/25 13:32,712
7/8/25 13:33,654
7/8/25 13:33,654
7/8/25 13:34,636
7/8/25 13:34,636
7/8/25 13:35,687
7/8/25 13:35,687
7/8/25 13:36,627
7/8/25 13:36,627
7/8/25 13:37,611
7/8/25 13:37,611
7/8/25 13:38,671
7/8/25 13:38,671
7/8/25 13:40,682
7/8/25 13:40,682
7/8/25 13:41,656
7/8/25 13:41,656
7/8/25 13:42,639
7/8/25 13:43,670
7/8/25 13:43,670
7/8/25 13:44,690
7/8/25 13:44,690
7/8/25 13:45,731
7/8/25 13:45,731
7/8/25 13:46,732
7/8/25 13:47,716
7/8/25 13:47,716
7/8/25 13:48,714
7/8/25 13:48,714
7/8/25 13:49,723
7/8/25 13:50,729
7/8/25 13:50,729
7/8/25 13:51,743
7/8/25 13:51,743
7/8/25 13:52,733
7/8/25 13:52,733
7/8/25 13:53,716
7/8/25 13:53,716
7/8/25 13:54,626
7/8/25 13:54,626
7/8/25 13:55,612
7/8/25 13:56,635
7/8/25 13:56,635
7/8/25 13:57,658
7/8/25 13:57,658
7/8/25 13:58,671
7/8/25 13:58,671
7/8/25 13:59,647
7/8/25 13:59,647
7/8/25 14:00,665
7/8/25 14:00,665
7/8/25 14:02,670
7/8/25 14:02,670
7/8/25 14:03,661
7/8/25 14:03,661
7/8/25 14:05,643
7/8/25 14:05,643
7/8/25 14:06,657
7/8/25 14:06,657
7/8/25 14:07,676
7/8/25 14:07,676
7/8/25 14:08,684
7/8/25 14:08,684
7/8/25 14:09,683
7/8/25 14:09,683
7/8/25 14:10,685
7/8/25 14:10,685
7/8/25 14:11,688
7/8/25 14:12,685
7/8/25 14:12,685
7/8/25 14:13,676
7/8/25 14:13,676
7/8/25 14:14,700
7/8/25 14:14,700
7/8/25 14:15,704
7/8/25 14:15,704
7/8/25 14:16,706
7/8/25 14:16,706
7/8/25 14:17,711
7/8/25 14:17,711
7/8/25 14:18,688
7/8/25 14:19,703
7/8/25 14:19,703
7/8/25 14:20,707
7/8/25 14:20,707
7/8/25 14:21,708
7/8/25 14:21,708
7/8/25 14:22,711
7/8/25 14:22,711
7/8/25 14:24,707
7/8/25 14:24,707
7/8/25 14:25,708
7/8/25 14:25,708
7/8/25 14:26,715
7/8/25 14:26,715
7/8/25 14:27,720
7/8/25 14:27,720
7/8/25 14:28,725
7/8/25 14:28,725
7/8/25 14:29,737
7/8/25 14:29,737
7/8/25 14:31,747
7/8/25 14:32,735
7/8/25 14:32,735
7/8/25 14:33,731
7/8/25 14:33,731
7/8/25 14:34,734
7/8/25 14:34,734
7/8/25 15:29,673
7/8/25 15:29,673
7/8/25 15:30,695
7/8/25 15:30,695
7/8/25 15:31,678
7/8/25 15:31,678
7/8/25 16:45,729
7/8/25 16:45,729
7/8/25 16:46,730
7/8/25 16:46,730
7/8/25 16:47,724
7/8/25 16:47,724
7/8/25 16:48,726
7/8/25 16:48,726
7/8/25 16:49,723
7/8/25 16:49,723
7/8/25 16:50,698
7/8/25 16:50,698
7/8/25 16:51,693
7/8/25 16:52,688
7/8/25 16:52,688
7/8/25 16:53,711
7/8/25 16:53,711
7/8/25 16:54,695
7/8/25 16:54,695
7/8/25 16:55,716
7/8/25 16:56,726
7/8/25 16:56,726
7/8/25 16:58,714
7/8/25 16:58,714
7/8/25 16:59,724
7/8/25 16:59,724
7/8/25 17:00,728
7/8/25 17:00,728
7/8/25 17:01,729
7/8/25 17:01,729
7/8/25 17:02,727
7/8/25 17:02,727
7/8/25 17:03,725
7/8/25 17:03,725
7/8/25 17:04,723
7/8/25 17:04,723
7/8/25 17:06,724
7/8/25 17:06,724
7/8/25 17:07,723
7/8/25 17:07,723
7/8/25 17:08,722
7/8/25 17:09,721
7/8/25 17:10,721
7/8/25 17:10,721
7/8/25 17:11,723
7/8/25 17:11,723
7/8/25 17:12,724
7/8/25 17:12,724
7/8/25 17:13,722
7/8/25 17:13,722
7/8/25 17:14,724
7/8/25 17:14,724
7/8/25 17:15,724
7/8/25 17:15,724
7/8/25 17:16,730
7/8/25 17:17,712
7/8/25 17:17,712
7/8/25 17:18,711
7/8/25 17:18,711
7/8/25 17:19,720
7/8/25 17:19,720
7/8/25 17:20,720
7/8/25 17:20,720
7/8/25 17:21,719
7/8/25 17:21,719
7/8/25 17:22,722
7/8/25 17:22,722
7/8/25 17:23,735
7/8/25 17:23,735
7/8/25 17:24,736
7/8/25 17:24,736
7/8/25 17:25,739
7/8/25 17:25,739
7/8/25 17:27,696
7/8/25 17:27,696
7/8/25 17:28,709
7/8/25 17:28,709
7/8/25 17:30,706
7/8/25 17:30,706
7/8/25 17:31,705
7/8/25 17:31,705
7/8/25 17:32,703
7/8/25 17:32,703
7/8/25 17:33,705
7/8/25 17:33,705
7/8/25 17:34,713
7/8/25 17:34,713
7/8/25 17:36,696
7/8/25 17:36,696
7/8/25 17:37,698
7/8/25 17:37,698
7/8/25 17:38,700
7/8/25 17:38,700
7/8/25 17:39,721
7/8/25 17:39,721
7/8/25 17:40,722
7/8/25 17:40,722
7/8/25 17:41,726
7/8/25 17:41,726
7/8/25 17:43,728
7/8/25 17:43,728
7/8/25 17:44,723
7/8/25 17:44,723
7/8/25 17:45,705
7/8/25 17:45,705
7/8/25 17:46,705
7/8/25 17:46,705
7/8/25 17:47,706
7/8/25 17:47,706
7/8/25 17:48,703
7/8/25 17:48,703
7/8/25 17:50,691
7/8/25 17:50,691
7/8/25 17:51,695
7/8/25 17:51,695
7/8/25 17:53,682
7/8/25 17:53,682
7/8/25 17:54,687
7/8/25 17:54,687
7/8/25 17:55,685
7/8/25 17:56,685
7/8/25 17:56,685
7/8/25 17:57,686
7/8/25 17:57,686
7/8/25 17:58,688
7/8/25 17:58,688
7/8/25 17:59,688
7/8/25 18:00,686
7/8/25 18:00,686
7/8/25 18:01,684
7/8/25 18:01,684
7/8/25 18:02,685
7/8/25 18:04,683
7/8/25 18:04,683
7/8/25 18:05,682
7/8/25 18:05,682
7/8/25 18:06,668
7/8/25 18:06,668
7/8/25 18:07,676
7/8/25 18:07,676
7/8/25 18:08,682
7/8/25 18:08,682
7/8/25 18:09,684
7/8/25 18:09,684
7/8/25 18:10,680
7/8/25 18:10,680
7/8/25 18:11,683
7/8/25 18:11,683
7/8/25 18:12,680
7/8/25 18:12,680
7/8/25 18:14,670
7/8/25 18:14,670
7/8/25 18:15,667
7/8/25 18:15,667
7/8/25 18:16,662
7/8/25 18:16,662
7/8/25 18:17,660
7/8/25 18:17,660
7/8/25 18:18,656
7/8/25 18:18,656
7/8/25 18:19,655
7/8/25 18:20,653
7/8/25 18:20,653
7/8/25 18:21,650
7/8/25 18:21,650
7/8/25 18:22,649
7/8/25 18:22,649
7/8/25 18:23,642
7/8/25 18:23,642
7/8/25 18:24,639
7/8/25 18:24,639
7/8/25 18:25,637
7/8/25 18:25,637
7/8/25 18:26,635
7/8/25 18:26,635
7/8/25 18:27,631
7/8/25 18:27,631
7/8/25 18:28,627
7/8/25 18:28,627
7/8/25 18:29,627
7/8/25 18:29,627
7/8/25 18:30,627
7/8/25 18:30,627
7/8/25 18:31,625
7/8/25 18:31,625
7/8/25 18:32,622
7/8/25 18:32,622
7/8/25 18:33,623
7/8/25 18:33,623
7/8/25 18:35,621
7/8/25 18:35,621
7/8/25 18:36,638
7/8/25 18:36,638
7/8/25 18:37,645
7/8/25 18:38,650
7/8/25 18:38,650
7/8/25 18:39,650
7/8/25 18:40,650
7/8/25 18:40,650
7/8/25 18:41,651
7/8/25 18:41,651
7/8/25 18:42,652
7/8/25 18:42,652
7/8/25 18:43,651
7/8/25 18:43,651
7/8/25 18:44,652
7/8/25 18:44,652
7/8/25 18:45,654
7/8/25 18:45,654
7/8/25 18:46,654
7/8/25 18:46,654
7/8/25 18:47,655
7/8/25 18:47,655
7/8/25 18:48,658
7/8/25 18:48,658
7/8/25 18:49,658
7/8/25 18:49,658
7/8/25 18:50,658
7/8/25 18:50,658
7/8/25 18:51,660
7/8/25 18:51,660
7/8/25 18:52,659
7/8/25 18:52,659
7/8/25 18:53,660
7/8/25 18:53,660
7/8/25 18:54,658
7/8/25 18:54,658
7/8/25 18:56,657
7/8/25 18:56,657
7/8/25 18:57,658
7/8/25 18:57,658
7/8/25 18:58,659
7/8/25 18:58,659
7/8/25 18:59,657
7/8/25 18:59,657
7/8/25 19:00,655
7/8/25 19:00,655
7/8/25 19:01,659
7/8/25 19:01,659
7/8/25 19:02,658
7/8/25 19:02,658
7/8/25 19:03,647
7/8/25 19:03,647
7/8/25 19:04,638
7/8/25 19:05,631
7/8/25 19:05,631
7/8/25 19:06,628
7/8/25 19:06,628
7/8/25 19:07,632
7/8/25 19:07,632
7/8/25 19:08,636
7/8/25 19:08,636
7/8/25 19:09,641
7/8/25 19:09,641
7/8/25 19:10,645
7/8/25 19:10,645
7/8/25 19:11,647
7/8/25 19:11,647
7/8/25 19:12,649
7/8/25 19:12,649
7/8/25 19:13,648
7/8/25 19:13,648
7/8/25 19:14,651
7/8/25 19:14,651
7/8/25 19:16,620
7/8/25 19:16,620
7/8/25 19:17,637
7/8/25 19:17,637
7/8/25 19:19,637
7/8/25 19:19,637
7/8/25 19:20,630
7/8/25 19:20,630
7/8/25 19:21,632
7/8/25 19:21,632
7/8/25 19:22,634
7/8/25 19:22,634
7/8/25 19:23,639
7/8/25 19:23,639
7/8/25 19:24,640
7/8/25 19:24,640
7/8/25 19:25,641
7/8/25 19:25,641
7/8/25 19:26,641
7/8/25 19:26,641
7/8/25 19:27,640
7/8/25 19:27,640
7/8/25 19:28,640
7/8/25 19:29,639
7/8/25 19:29,639
7/8/25 19:30,640
7/8/25 19:31,641
7/8/25 19:32,636
7/8/25 19:32,636
7/8/25 19:33,636
7/8/25 19:33,636
7/8/25 19:34,634
7/8/25 19:34,634
7/8/25 19:35,620
7/8/25 19:35,620
7/8/25 19:36,617
7/8/25 19:36,617
7/8/25 19:37,600
7/8/25 19:37,600
7/8/25 19:38,620
7/8/25 19:40,639
7/8/25 19:41,615
7/8/25 19:41,615
7/8/25 19:42,622
7/8/25 19:42,622
7/8/25 19:43,625
7/8/25 19:43,625
7/8/25 19:44,631
7/8/25 19:44,631
7/8/25 19:45,631
7/8/25 19:45,631
7/8/25 19:46,632
7/8/25 19:46,632
7/8/25 19:47,628
7/8/25 19:47,628
7/8/25 19:48,628
7/8/25 19:48,628
7/8/25 19:49,632
7/8/25 19:49,632
7/8/25 19:50,635
7/8/25 19:50,635
7/8/25 19:51,639
7/8/25 19:51,639
7/8/25 19:52,645
7/8/25 19:53,648
7/8/25 19:53,648
7/8/25 19:54,648
7/8/25 19:54,648
7/8/25 19:55,649
7/8/25 19:55,649
7/8/25 19:56,651
7/8/25 19:56,651
7/8/25 19:57,650
7/8/25 19:57,650
7/8/25 19:58,651
7/8/25 19:58,651
7/8/25 19:59,653
7/8/25 19:59,653
7/8/25 20:00,651
7/8/25 20:02,649
7/8/25 20:02,649
7/8/25 20:03,648
7/8/25 20:03,648
7/8/25 20:04,645
7/8/25 20:04,645
7/8/25 20:05,642
7/8/25 20:05,642
7/8/25 20:06,641
7/8/25 20:06,641
7/8/25 20:07,640
7/8/25 20:07,640
7/8/25 20:08,642
7/8/25 20:08,642
7/8/25 20:09,641
7/8/25 20:09,641
7/8/25 20:10,642
7/8/25 20:10,642
7/8/25 20:11,649
7/8/25 20:11,649
7/8/25 20:12,651
7/8/25 20:12,651
7/8/25 20:13,647
7/8/25 20:13,647
7/8/25 20:14,648
7/8/25 20:15,642
7/8/25 20:15,642
7/8/25 20:16,643
7/8/25 20:16,643
7/8/25 20:17,647
7/8/25 20:17,647
7/8/25 20:18,602
7/8/25 20:18,602
7/8/25 20:19,615
7/8/25 20:19,615
7/8/25 20:20,623
7/8/25 20:20,623
7/8/25 20:21,636
7/8/25 20:21,636
7/8/25 20:22,641
7/8/25 20:22,641
7/8/25 20:24,642
7/8/25 20:24,642
7/8/25 20:25,646
7/8/25 20:25,646
7/8/25 20:26,645
7/8/25 20:26,645
7/8/25 20:27,643
7/8/25 20:27,643
7/8/25 20:28,640
7/8/25 20:28,640
7/8/25 20:29,642
7/8/25 20:30,645
7/8/25 20:30,645
7/8/25 20:31,646
7/8/25 20:31,646
7/8/25 20:32,646
7/8/25 20:32,646
7/8/25 20:33,646
7/8/25 20:33,646
7/8/25 20:34,642
7/8/25 20:34,642
7/8/25 20:35,641
7/8/25 20:35,641
7/8/25 20:36,645
7/8/25 20:36,645
7/8/25 20:37,640
7/8/25 20:37,640
7/8/25 20:38,639
7/8/25 20:38,639
7/8/25 20:39,642
7/8/25 20:39,642
7/8/25 20:40,648
7/8/25 20:40,648
7/8/25 20:41,651
7/8/25 20:41,651
7/8/25 20:42,655
7/8/25 20:42,655
7/8/25 20:43,656
7/8/25 20:43,656
7/8/25 20:45,657
7/8/25 20:45,657
7/8/25 20:46,661
7/8/25 20:46,661
7/8/25 20:47,662
7/8/25 20:47,662
7/8/25 20:48,662
7/8/25 20:48,662
7/8/25 20:49,664
7/8/25 20:49,664
7/8/25 20:50,664
7/8/25 20:50,664
7/8/25 20:51,667
7/8/25 20:51,667
7/8/25 20:52,670
7/8/25 20:53,676
7/8/25 20:53,676
7/8/25 20:54,681
7/8/25 20:54,681
7/8/25 20:55,679
7/8/25 20:55,679
7/8/25 20:56,680
7/8/25 20:56,680
7/8/25 20:57,688
7/8/25 20:57,688
7/8/25 20:58,692
7/8/25 20:59,694
7/8/25 20:59,694
7/8/25 21:00,695
7/8/25 21:00,695
7/8/25 21:01,699
7/8/25 21:01,699
7/8/25 21:02,699
7/8/25 21:02,699
7/8/25 21:03,702
7/8/25 21:03,702
7/8/25 21:04,705
7/8/25 21:04,705
7/8/25 21:06,711
7/8/25 21:06,711
7/8/25 21:07,713
7/8/25 21:07,713
7/8/25 21:08,715
7/8/25 21:08,715
7/8/25 21:09,707
7/8/25 21:09,707
7/8/25 21:10,715
7/8/25 21:10,715
7/8/25 21:11,720
7/8/25 21:11,720
7/8/25 21:12,723
7/8/25 21:12,723
7/8/25 21:13,730
7/8/25 21:13,730
7/8/25 21:14,737
7/8/25 21:14,737
7/8/25 21:15,738
7/8/25 21:15,738
7/8/25 21:16,742
7/8/25 21:17,744
7/8/25 21:17,744
7/8/25 21:18,747
7/8/25 21:18,747
7/8/25 21:19,753
7/8/25 21:19,753
7/8/25 21:20,760
7/8/25 21:20,760
7/8/25 21:21,762
7/8/25 21:21,762
7/8/25 21:22,766
7/8/25 21:22,766
7/8/25 21:23,769
7/8/25 21:23,769
7/8/25 21:24,772
7/8/25 21:24,772
7/8/25 21:25,778
7/8/25 21:27,772
7/8/25 21:28,774
7/8/25 21:28,774
7/8/25 21:29,773
7/8/25 21:29,773
7/8/25 21:30,773
7/8/25 21:30,773
7/8/25 21:31,775
7/8/25 21:31,775
7/8/25 21:32,778
7/8/25 21:32,778
7/8/25 21:33,778
7/8/25 21:34,780
7/8/25 21:34,780
7/8/25 21:35,786
7/8/25 21:35,786
7/8/25 21:36,788
7/8/25 21:36,788
7/8/25 21:37,789
7/8/25 21:37,789
7/8/25 21:38,793
7/8/25 21:38,793
7/8/25 21:39,795
7/8/25 21:39,795
7/8/25 21:40,797
7/8/25 21:40,797
7/8/25 21:41,799
7/8/25 21:41,799
7/8/25 21:42,802
7/8/25 21:42,802
7/8/25 21:43,807
7/8/25 21:44,811
7/8/25 21:45,813
7/8/25 21:45,813
7/8/25 21:46,813
7/8/25 21:46,813
7/8/25 21:48,817
7/8/25 21:48,817
7/8/25 21:49,817
7/8/25 21:49,817
7/8/25 21:50,820
7/8/25 21:50,820
7/8/25 21:51,820
7/8/25 21:51,820
7/8/25 21:52,823
7/8/25 21:52,823
7/8/25 21:53,832
7/8/25 21:54,833
7/8/25 21:54,833
7/8/25 21:55,834
7/8/25 21:55,834
7/8/25 21:56,834
7/8/25 21:56,834
7/8/25 21:57,834
7/8/25 21:57,834
7/8/25 21:58,840
7/8/25 21:58,840
7/8/25 21:59,841
7/8/25 21:59,841
7/8/25 22:00,843
7/8/25 22:01,849
7/8/25 22:01,849
7/8/25 22:02,849
7/8/25 22:02,849
7/8/25 22:03,851
7/8/25 22:03,851
7/8/25 22:04,853
7/8/25 22:04,853
7/8/25 22:05,854
7/8/25 22:05,854
7/8/25 22:06,857
7/8/25 22:06,857
7/8/25 22:07,862
7/8/25 22:07,862
7/8/25 22:09,866
7/8/25 22:09,866
7/8/25 22:10,868
7/8/25 22:10,868
7/8/25 22:11,868
7/8/25 22:11,868
7/8/25 22:12,869
7/8/25 22:12,869
7/8/25 22:13,870
7/8/25 22:13,870
7/8/25 22:14,872
7/8/25 22:14,872
7/8/25 22:15,870
7/8/25 22:15,870
7/8/25 22:16,872
7/8/25 22:16,872
7/8/25 22:17,876
7/8/25 22:17,876
7/8/25 22:18,873
7/8/25 22:18,873
7/8/25 22:19,872
7/8/25 22:19,872
7/8/25 22:20,870
7/8/25 22:20,870
7/8/25 22:21,869
7/8/25 22:22,872
7/8/25 22:22,872
7/8/25 22:23,873
7/8/25 22:23,873
7/8/25 22:24,873
7/8/25 22:24,873
7/8/25 22:25,870
7/8/25 22:25,870
7/8/25 22:26,870
7/8/25 22:26,870
7/8/25 22:27,870
7/8/25 22:27,870
7/8/25 22:28,871
7/8/25 22:28,871
7/8/25 22:30,872
7/8/25 22:30,872
7/8/25 22:31,871
7/8/25 22:31,871
7/8/25 22:32,869
7/8/25 22:32,869
7/8/25 22:33,867
7/8/25 22:33,867
7/8/25 22:34,865
7/8/25 22:34,865
7/8/25 22:35,863
7/8/25 22:35,863
7/8/25 22:36,864
7/8/25 22:36,864
7/8/25 22:37,867
7/8/25 22:37,867
7/8/25 22:38,865
7/8/25 22:38,865
7/8/25 22:39,865
7/8/25 22:39,865
7/8/25 22:40,865
7/8/25 22:41,867
7/8/25 22:41,867
7/8/25 22:42,867
7/8/25 22:42,867
7/8/25 22:43,864
7/8/25 22:43,864
7/8/25 22:44,863
7/8/25 22:44,863
7/8/25 22:45,863
7/8/25 22:45,863
7/8/25 22:46,861
7/8/25 22:46,861
7/8/25 22:47,862
7/8/25 22:47,862
7/8/25 22:48,862
7/8/25 22:48,862
7/8/25 22:51,859
7/8/25 22:51,859
7/8/25 22:52,862
7/8/25 22:52,862
7/8/25 22:53,860
7/8/25 22:53,860
7/8/25 22:54,860
7/8/25 22:54,860
7/8/25 22:56,861
7/8/25 22:56,861
7/8/25 22:57,861
7/8/25 22:57,861
7/8/25 22:58,860
7/8/25 22:58,860
7/8/25 22:59,860
7/8/25 22:59,860
7/8/25 23:00,862
7/8/25 23:01,861
7/8/25 23:01,861
7/8/25 23:02,862
7/8/25 23:03,860
7/8/25 23:03,860
7/8/25 23:04,860
7/8/25 23:04,860
7/8/25 23:05,862
7/8/25 23:05,862
7/8/25 23:06,861
7/8/25 23:06,861
7/8/25 23:07,862
7/8/25 23:07,862
7/8/25 23:08,861
7/8/25 23:08,861
7/8/25 23:09,860
7/8/25 23:09,860
7/8/25 23:10,860
7/8/25 23:10,860
7/8/25 23:12,860
7/8/25 23:12,860
7/8/25 23:13,864
7/8/25 23:14,863
7/8/25 23:14,863
7/8/25 23:15,860
7/8/25 23:15,860
7/8/25 23:16,858
7/8/25 23:17,857
7/8/25 23:17,857
7/8/25 23:18,857
7/8/25 23:18,857
7/8/25 23:19,858
7/8/25 23:20,858
7/8/25 23:20,858
7/8/25 23:21,860
7/8/25 23:21,860
7/8/25 23:22,859
7/8/25 23:22,859
7/8/25 23:23,859
7/8/25 23:23,859
7/8/25 23:24,856
7/8/25 23:24,856
7/8/25 23:25,857
7/8/25 23:25,857
7/8/25 23:26,856
7/8/25 23:26,856
7/8/25 23:27,855
7/8/25 23:27,855
7/8/25 23:28,857
7/8/25 23:29,857
7/8/25 23:29,857
7/8/25 23:30,856
7/8/25 23:30,856
7/8/25 23:31,856
7/8/25 23:31,856
7/8/25 23:33,857
7/8/25 23:33,857
7/8/25 23:34,857
7/8/25 23:34,857
7/8/25 23:35,853
7/8/25 23:35,853
7/8/25 23:36,851
7/8/25 23:37,853
7/8/25 23:37,853
7/8/25 23:38,851
7/8/25 23:38,851
7/8/25 23:39,849
7/8/25 23:39,849
7/8/25 23:40,852
7/8/25 23:40,852
7/8/25 23:41,853
7/8/25 23:41,853
7/8/25 23:42,852
7/8/25 23:42,852
7/8/25 23:43,853
7/8/25 23:43,853
7/8/25 23:44,853
7/8/25 23:45,854
7/8/25 23:45,854
7/8/25 23:46,850
7/8/25 23:46,850
7/8/25 23:48,851
7/8/25 23:48,851
7/8/25 23:49,850
7/8/25 23:49,850
7/8/25 23:50,852
7/8/25 23:50,852
7/8/25 23:51,850
7/8/25 23:51,850
7/8/25 23:52,849
7/8/25 23:52,849
7/8/25 23:54,850
7/8/25 23:55,848
7/8/25 23:55,848
7/8/25 23:56,849
7/8/25 23:56,849
7/8/25 23:57,850
7/8/25 23:57,850
7/8/25 23:58,849
7/8/25 23:58,849
7/8/25 23:59,850
7/8/25 23:59,850
7/9/25 0:00,851
7/9/25 0:00,851
7/9/25 0:01,850
7/9/25 0:01,850
7/9/25 0:02,850
7/9/25 0:02,850
7/9/25 0:03,851
7/9/25 0:03,851
7/9/25 0:04,848
7/9/25 0:04,848
7/9/25 0:05,847
7/9/25 0:05,847
7/9/25 0:06,847
7/9/25 0:06,847
7/9/25 0:07,845
7/9/25 0:07,845
7/9/25 0:08,845
7/9/25 0:08,845
7/9/25 0:09,846
7/9/25 0:10,845
7/9/25 0:10,845
7/9/25 0:11,846
7/9/25 0:11,846
7/9/25 0:12,848
7/9/25 0:12,848
7/9/25 0:13,847
7/9/25 0:15,845
7/9/25 0:15,845
7/9/25 0:16,845
7/9/25 0:16,845
7/9/25 0:17,845
7/9/25 0:18,844
7/9/25 0:18,844
7/9/25 0:19,844
7/9/25 0:19,844
7/9/25 0:20,843
7/9/25 0:20,843
7/9/25 0:21,845
7/9/25 0:21,845
7/9/25 0:22,843
7/9/25 0:22,843
7/9/25 0:23,842
7/9/25 0:23,842
7/9/25 0:24,844
7/9/25 0:24,844
7/9/25 0:25,844
7/9/25 0:25,844
7/9/25 0:26,844
7/9/25 0:26,844
7/9/25 0:27,842
7/9/25 0:27,842
7/9/25 0:28,842
7/9/25 0:28,842
7/9/25 0:29,840
7/9/25 0:29,840
7/9/25 0:30,841
7/9/25 0:31,840
7/9/25 0:31,840
7/9/25 0:32,841
7/9/25 0:32,841
7/9/25 0:33,841
7/9/25 0:33,841
7/9/25 0:34,841
7/9/25 0:34,841
7/9/25 0:36,843
7/9/25 0:36,843
7/9/25 0:37,843
7/9/25 0:37,843
7/9/25 0:38,843
7/9/25 0:39,842
7/9/25 0:39,842
7/9/25 0:40,843
7/9/25 0:40,843
7/9/25 0:41,842
7/9/25 0:41,842
7/9/25 0:42,842
7/9/25 0:42,842
7/9/25 0:43,840
7/9/25 0:43,840
7/9/25 0:44,839
7/9/25 0:45,838
7/9/25 0:46,838
7/9/25 0:46,838
7/9/25 0:47,837
7/9/25 0:47,837
7/9/25 0:48,806
7/9/25 0:48,806
7/9/25 0:49,818
7/9/25 0:49,818
7/9/25 0:50,824
7/9/25 0:50,824
7/9/25 0:51,827
7/9/25 0:51,827
7/9/25 0:52,829
7/9/25 0:53,833
7/9/25 0:53,833
7/9/25 0:54,834
7/9/25 0:54,834
7/9/25 0:56,834
7/9/25 0:56,834
7/9/25 0:57,834
7/9/25 0:57,834
7/9/25 0:58,833
7/9/25 0:58,833
7/9/25 0:59,833
7/9/25 0:59,833
7/9/25 1:00,832
7/9/25 1:00,832
7/9/25 1:01,832
7/9/25 1:01,832
7/9/25 1:02,831
7/9/25 1:02,831
7/9/25 1:03,832
7/9/25 1:03,832
7/9/25 1:04,830
7/9/25 1:05,832
7/9/25 1:06,832
7/9/25 1:06,832
7/9/25 1:07,831
7/9/25 1:07,831
7/9/25 1:08,832
7/9/25 1:08,832
7/9/25 1:09,834
7/9/25 1:09,834
7/9/25 1:10,832
7/9/25 1:10,832
7/9/25 1:11,828
7/9/25 1:11,828
7/9/25 1:12,827
7/9/25 1:13,828
7/9/25 1:13,828
7/9/25 1:14,828
7/9/25 1:14,828
7/9/25 1:15,827
7/9/25 1:15,827
7/9/25 1:17,827
7/9/25 1:18,830
7/9/25 1:18,830
7/9/25 1:19,828
7/9/25 1:19,828
7/9/25 1:21,826
7/9/25 1:21,826
7/9/25 1:22,827
7/9/25 1:22,827
7/9/25 1:23,825
7/9/25 1:24,825
7/9/25 1:24,825
7/9/25 1:25,824
7/9/25 1:25,824
7/9/25 1:26,822
7/9/25 1:26,822
7/9/25 1:27,822
7/9/25 1:27,822
7/9/25 1:28,822
7/9/25 1:28,822
7/9/25 1:29,822
7/9/25 1:29,822
7/9/25 1:30,821
7/9/25 1:30,821
7/9/25 1:31,822
7/9/25 1:31,822
7/9/25 1:32,821
7/9/25 1:32,821
7/9/25 1:33,819
7/9/25 1:33,819
7/9/25 1:34,823
7/9/25 1:34,823
7/9/25 1:35,822
7/9/25 1:35,822
7/9/25 1:36,823
7/9/25 1:36,823
7/9/25 1:38,820
7/9/25 1:38,820
7/9/25 1:39,821
7/9/25 1:39,821
7/9/25 1:40,821
7/9/25 1:40,821
7/9/25 1:41,819
7/9/25 1:41,819
7/9/25 1:42,821
7/9/25 1:42,821
7/9/25 1:43,820
7/9/25 1:43,820
7/9/25 1:44,819
7/9/25 1:44,819
7/9/25 1:45,817
7/9/25 1:45,817
7/9/25 1:46,818
7/9/25 1:46,818
7/9/25 1:47,817
7/9/25 1:47,817
7/9/25 1:48,817
7/9/25 1:49,816
7/9/25 1:49,816
7/9/25 1:50,814
7/9/25 1:50,814
7/9/25 1:51,810
7/9/25 1:51,810
7/9/25 1:52,814
7/9/25 1:52,814
7/9/25 1:53,813
7/9/25 1:53,813
7/9/25 1:54,812
7/9/25 1:54,812
7/9/25 1:55,812
7/9/25 1:55,812
7/9/25 1:56,810
7/9/25 1:56,810
7/9/25 1:57,809
7/9/25 1:57,809
7/9/25 1:59,807
7/9/25 1:59,807
7/9/25 2:00,808
7/9/25 2:00,808
7/9/25 2:01,810
7/9/25 2:01,810
7/9/25 2:02,809
7/9/25 2:02,809
7/9/25 2:03,807
7/9/25 2:03,807
7/9/25 2:06,809
7/9/25 2:06,809
7/9/25 2:07,807
7/9/25 2:07,807
7/9/25 2:08,805
7/9/25 2:08,805
7/9/25 2:09,806
7/9/25 2:09,806
7/9/25 2:10,803
7/9/25 2:10,803
7/9/25 2:11,804
7/9/25 2:11,804
7/9/25 2:12,805
7/9/25 2:12,805
7/9/25 2:13,806
7/9/25 2:14,805
7/9/25 2:14,805
7/9/25 2:15,805
7/9/25 2:15,805
7/9/25 2:16,804
7/9/25 2:16,804
7/9/25 2:17,802
7/9/25 2:17,802
7/9/25 2:18,801
7/9/25 2:18,801
7/9/25 2:20,800
7/9/25 2:20,800
7/9/25 2:21,802
7/9/25 2:21,802
7/9/25 2:22,799
7/9/25 2:22,799
7/9/25 2:23,799
7/9/25 2:23,799
7/9/25 2:24,800
7/9/25 2:24,800
7/9/25 2:25,799
7/9/25 2:25,799
7/9/25 2:26,796
7/9/25 2:27,797
7/9/25 2:27,797
7/9/25 2:28,769
7/9/25 2:28,769
7/9/25 2:30,781
7/9/25 2:30,781
7/9/25 2:31,787
7/9/25 2:31,787
7/9/25 2:32,789
7/9/25 2:32,789
7/9/25 2:33,789
7/9/25 2:33,789
7/9/25 2:34,794
7/9/25 2:34,794
7/9/25 2:35,794
7/9/25 2:35,794
7/9/25 2:36,791
7/9/25 2:36,791
7/9/25 2:37,791
7/9/25 2:37,791
7/9/25 2:38,790
7/9/25 2:38,790
7/9/25 2:39,792
7/9/25 2:39,792
7/9/25 2:40,790
7/9/25 2:40,790
7/9/25 2:42,787
7/9/25 2:43,788
7/9/25 2:43,788
7/9/25 2:44,788
7/9/25 2:44,788
7/9/25 2:45,788
7/9/25 2:45,788
7/9/25 2:46,788
7/9/25 2:46,788
7/9/25 2:47,787
7/9/25 2:47,787
7/9/25 2:48,783
7/9/25 2:48,783
7/9/25 2:49,780
7/9/25 2:49,780
7/9/25 2:51,778
7/9/25 2:51,778
7/9/25 2:52,779
7/9/25 2:52,779
7/9/25 2:53,778
7/9/25 2:53,778
7/9/25 2:54,778
7/9/25 2:54,778
7/9/25 2:55,781
7/9/25 2:56,778
7/9/25 2:56,778
7/9/25 2:57,778
7/9/25 2:58,778
7/9/25 2:58,778
7/9/25 2:59,779
7/9/25 2:59,779
7/9/25 3:00,777
7/9/25 3:00,777
7/9/25 3:01,774
7/9/25 3:01,774
7/9/25 3:02,771
7/9/25 3:02,771
7/9/25 3:03,773
7/9/25 3:04,773
7/9/25 3:04,773
7/9/25 3:05,773
7/9/25 3:05,773
7/9/25 3:06,773
7/9/25 3:06,773
7/9/25 3:07,772
7/9/25 3:07,772
7/9/25 3:08,772
7/9/25 3:08,772
7/9/25 3:09,774
7/9/25 3:09,774
7/9/25 3:10,774
7/9/25 3:10,774
7/9/25 3:13,767
7/9/25 3:13,767
7/9/25 3:14,767
7/9/25 3:14,767
7/9/25 3:15,768
7/9/25 3:15,768
7/9/25 3:16,765
7/9/25 3:16,765
7/9/25 3:17,766
7/9/25 3:17,766
7/9/25 3:18,767
7/9/25 3:18,767
7/9/25 3:19,765
7/9/25 3:19,765
7/9/25 3:20,765
7/9/25 3:20,765
7/9/25 3:21,765
7/9/25 3:21,765
7/9/25 3:22,766
7/9/25 3:22,766
7/9/25 3:23,764
7/9/25 3:23,764
7/9/25 3:24,761
7/9/25 3:24,761
7/9/25 3:25,761
7/9/25 3:25,761
7/9/25 3:26,760
7/9/25 3:26,760
7/9/25 3:27,760
7/9/25 3:27,760
7/9/25 3:28,759
7/9/25 3:28,759
7/9/25 3:29,760
7/9/25 3:29,760
7/9/25 3:30,762
7/9/25 3:31,762
7/9/25 3:31,762
7/9/25 3:32,760
7/9/25 3:32,760
7/9/25 3:34,759
7/9/25 3:34,759
7/9/25 3:35,760
7/9/25 3:35,760
7/9/25 3:36,761
7/9/25 3:36,761
7/9/25 3:37,760
7/9/25 3:37,760
7/9/25 3:38,759
7/9/25 3:38,759
7/9/25 3:39,758
7/9/25 3:39,758
7/9/25 3:40,759
7/9/25 3:40,759
7/9/25 3:41,757
7/9/25 3:41,757
7/9/25 3:42,756
7/9/25 3:42,756
7/9/25 3:43,756
7/9/25 3:43,756
7/9/25 3:44,757
7/9/25 3:44,757
7/9/25 3:45,756
7/9/25 3:45,756
7/9/25 3:46,756
7/9/25 3:46,756
7/9/25 3:47,757
7/9/25 3:47,757
7/9/25 3:48,758
7/9/25 3:48,758
7/9/25 3:49,754
7/9/25 3:49,754
7/9/25 3:50,756
7/9/25 3:50,756
7/9/25 3:51,755
7/9/25 3:52,754
7/9/25 3:52,754
7/9/25 3:53,755
7/9/25 3:53,755
7/9/25 3:55,754
7/9/25 3:55,754
7/9/25 3:56,752
7/9/25 3:57,754
7/9/25 3:58,753
7/9/25 3:58,753
7/9/25 3:59,750
7/9/25 3:59,750
7/9/25 4:00,748
7/9/25 4:00,748
7/9/25 4:01,749
7/9/25 4:01,749
7/9/25 4:02,750
7/9/25 4:02,750
7/9/25 4:03,748
7/9/25 4:03,748
7/9/25 4:04,747
7/9/25 4:05,747
7/9/25 4:06,749
7/9/25 4:06,749
7/9/25 4:07,745
7/9/25 4:07,745
7/9/25 4:08,744
7/9/25 4:08,744
7/9/25 4:09,745
7/9/25 4:09,745
7/9/25 4:10,746
7/9/25 4:11,748
7/9/25 4:12,745
7/9/25 4:12,745
7/9/25 4:13,743
7/9/25 4:13,743
7/9/25 4:14,741
7/9/25 4:14,741
7/9/25 4:16,742
7/9/25 4:16,742
7/9/25 4:17,744
7/9/25 4:17,744
7/9/25 4:18,744
7/9/25 4:18,744
7/9/25 4:19,742
7/9/25 4:19,742
7/9/25 4:20,739
7/9/25 4:20,739
7/9/25 4:21,739
7/9/25 4:21,739
7/9/25 4:22,738
7/9/25 4:22,738
7/9/25 4:23,738
7/9/25 4:23,738
7/9/25 4:24,739
7/9/25 4:24,739
7/9/25 4:25,740
7/9/25 4:26,738
7/9/25 4:26,738
7/9/25 4:27,739
7/9/25 4:27,739
7/9/25 4:28,738
7/9/25 4:29,738
7/9/25 4:29,738
7/9/25 4:30,736
7/9/25 4:30,736
7/9/25 4:31,737
7/9/25 4:32,736
7/9/25 4:32,736
7/9/25 4:33,736
7/9/25 4:34,738
7/9/25 4:34,738
7/9/25 4:35,738
7/9/25 4:35,738
7/9/25 4:37,737
7/9/25 4:38,738
7/9/25 4:38,738
7/9/25 4:39,737
7/9/25 4:40,737
7/9/25 4:40,737
7/9/25 4:41,736
7/9/25 4:41,736
7/9/25 4:42,739
7/9/25 4:42,739
7/9/25 4:43,739
7/9/25 4:43,739
7/9/25 4:44,739
7/9/25 4:44,739
7/9/25 4:46,740
7/9/25 4:46,740
7/9/25 4:47,701
7/9/25 4:47,701
7/9/25 4:48,717
7/9/25 4:48,717
7/9/25 4:49,722
7/9/25 4:49,722
7/9/25 4:50,728
7/9/25 4:50,728
7/9/25 4:51,730
7/9/25 4:51,730
7/9/25 4:52,730
7/9/25 4:52,730
7/9/25 4:54,729
7/9/25 4:55,732
7/9/25 4:55,732
7/9/25 4:56,731
7/9/25 4:56,731
7/9/25 4:57,731
7/9/25 4:57,731
7/9/25 4:58,733
7/9/25 4:58,733
7/9/25 4:59,731
7/9/25 4:59,731
7/9/25 5:00,729
7/9/25 5:00,729
7/9/25 5:01,729
7/9/25 5:01,729
7/9/25 5:02,731
7/9/25 5:02,731
7/9/25 5:03,728
7/9/25 5:03,728
7/9/25 5:04,725
7/9/25 5:04,725
7/9/25 5:05,717
7/9/25 5:06,712
7/9/25 5:06,712
7/9/25 5:07,697
7/9/25 5:07,697
7/9/25 5:08,689
7/9/25 5:08,689
7/9/25 5:09,677
7/9/25 5:09,677
7/9/25 5:10,665
7/9/25 5:10,665
7/9/25 5:11,657
7/9/25 5:11,657
7/9/25 5:12,649
7/9/25 5:13,641
7/9/25 5:13,641
7/9/25 5:15,631
7/9/25 5:15,631
7/9/25 5:16,624
7/9/25 5:16,624
7/9/25 5:16,574
7/9/25 5:16,574
7/9/25 5:17,586
7/9/25 5:17,586
7/9/25 5:19,590
7/9/25 5:19,590
7/9/25 5:20,591
7/9/25 5:20,591
7/9/25 5:21,590
7/9/25 5:21,590
7/9/25 5:22,585
7/9/25 5:22,585
7/9/25 5:23,576
7/9/25 5:23,576
7/9/25 5:24,573
7/9/25 5:24,573
7/9/25 5:25,571
7/9/25 5:25,571
7/9/25 5:26,567
7/9/25 5:26,567
7/9/25 5:27,560
7/9/25 5:27,560
7/9/25 5:28,557
7/9/25 5:28,557
7/9/25 5:29,554
7/9/25 5:30,552
7/9/25 5:30,552
7/9/25 5:31,548
7/9/25 5:31,548
7/9/25 5:32,546
7/9/25 5:32,546
7/9/25 5:33,544
7/9/25 5:33,544
7/9/25 5:34,544
7/9/25 5:34,544
7/9/25 5:35,541
7/9/25 5:35,541
7/9/25 5:36,538
7/9/25 5:36,538
7/9/25 5:37,535
7/9/25 5:37,535
7/9/25 5:38,536
7/9/25 5:38,536
7/9/25 5:40,533
7/9/25 5:40,533
7/9/25 5:41,532
7/9/25 5:42,533
7/9/25 5:42,533
7/9/25 5:43,533
7/9/25 5:43,533
7/9/25 5:44,533
7/9/25 5:44,533
7/9/25 5:45,530
7/9/25 5:45,530
7/9/25 5:46,533
7/9/25 5:46,533
7/9/25 5:47,532
7/9/25 5:47,532
7/9/25 5:48,532
7/9/25 5:48,532
7/9/25 5:49,528
7/9/25 5:49,528
7/9/25 5:50,526
7/9/25 5:50,526
7/9/25 5:51,526
7/9/25 5:52,525
7/9/25 5:52,525
7/9/25 5:54,513
7/9/25 5:54,513
7/9/25 5:56,516
7/9/25 5:56,516
7/9/25 5:57,516
7/9/25 5:57,516
7/9/25 5:58,520
7/9/25 5:58,520
7/9/25 5:59,524
7/9/25 5:59,524
7/9/25 6:00,522
7/9/25 6:00,522
7/9/25 6:02,524
7/9/25 6:02,524
7/9/25 6:03,523
7/9/25 6:03,523
7/9/25 6:04,525
7/9/25 6:04,525
7/9/25 6:05,524
7/9/25 6:05,524
7/9/25 6:06,522
7/9/25 6:06,522
7/9/25 6:07,522
7/9/25 6:07,522
7/9/25 6:09,521
7/9/25 6:09,521
7/9/25 6:10,519
7/9/25 6:10,519
7/9/25 6:11,519
7/9/25 6:11,519
7/9/25 6:12,520
7/9/25 6:12,520
7/9/25 6:13,519
7/9/25 6:13,519
7/9/25 6:16,517
7/9/25 6:16,517
7/9/25 6:17,517
7/9/25 6:17,517
7/9/25 6:18,517
7/9/25 6:18,517
7/9/25 6:19,516
7/9/25 6:19,516
7/9/25 6:20,515
7/9/25 6:20,515
7/9/25 6:21,514
7/9/25 6:21,514
7/9/25 6:22,514
7/9/25 6:22,514
7/9/25 6:23,513
7/9/25 6:23,513
7/9/25 6:24,513
7/9/25 6:25,512
7/9/25 6:25,512
7/9/25 6:26,511
7/9/25 6:26,511
7/9/25 6:27,512
7/9/25 6:27,512
7/9/25 6:28,512
7/9/25 6:28,512
7/9/25 6:30,514
7/9/25 6:30,514
7/9/25 6:31,514
7/9/25 6:31,514
7/9/25 6:33,515
7/9/25 6:33,515
7/9/25 6:34,513
7/9/25 6:34,513
7/9/25 6:35,509
7/9/25 6:35,509
7/9/25 6:36,509
7/9/25 6:36,509
7/9/25 6:37,511
7/9/25 6:37,511
7/9/25 6:38,511
7/9/25 6:38,511
7/9/25 6:39,512
7/9/25 6:39,512
7/9/25 6:40,509
7/9/25 6:40,509
7/9/25 6:41,508
7/9/25 6:41,508
7/9/25 6:42,507
7/9/25 6:42,507
7/9/25 6:43,507
7/9/25 6:44,508
7/9/25 6:44,508
7/9/25 6:45,509
7/9/25 6:45,509
7/9/25 6:46,511
7/9/25 6:47,513
7/9/25 6:47,513
7/9/25 6:48,513
7/9/25 6:49,512
7/9/25 6:49,512
7/9/25 6:51,511
7/9/25 6:51,511
7/9/25 6:52,512
7/9/25 6:52,512
7/9/25 6:53,511
7/9/25 6:53,511
7/9/25 6:54,511
7/9/25 6:54,511
7/9/25 6:55,511
7/9/25 6:55,511
7/9/25 6:56,513
7/9/25 6:56,513
7/9/25 6:57,512
7/9/25 6:57,512
7/9/25 6:58,513
7/9/25 6:58,513
7/9/25 6:59,516
7/9/25 7:00,515
7/9/25 7:00,515
7/9/25 7:01,514
7/9/25 7:02,514
7/9/25 7:03,512
7/9/25 7:03,512
7/9/25 7:04,511
7/9/25 7:04,511
7/9/25 7:05,511
7/9/25 7:05,511
7/9/25 7:06,511
7/9/25 7:06,511
7/9/25 7:07,509
7/9/25 7:07,509
7/9/25 7:08,507
7/9/25 7:08,507
7/9/25 7:09,506
7/9/25 7:09,506
7/9/25 7:10,506
7/9/25 7:10,506
7/9/25 7:12,507
7/9/25 7:12,507
7/9/25 7:13,506
7/9/25 7:13,506
7/9/25 7:14,508
7/9/25 7:14,508
7/9/25 7:15,507
7/9/25 7:15,507
7/9/25 7:16,504
7/9/25 7:16,504
7/9/25 7:18,503
7/9/25 7:18,503
7/9/25 7:19,503
7/9/25 7:19,503
7/9/25 7:20,500
7/9/25 7:21,497
7/9/25 7:21,497
7/9/25 7:22,491
7/9/25 7:22,491
7/9/25 7:23,485
7/9/25 7:24,482
7/9/25 7:24,482
7/9/25 7:25,476
7/9/25 7:25,476
7/9/25 7:26,475
7/9/25 7:26,475
7/9/25 7:27,477
7/9/25 7:27,477
7/9/25 7:28,478
7/9/25 7:28,478
7/9/25 7:29,482
7/9/25 7:29,482
7/9/25 7:30,485
7/9/25 7:32,486
7/9/25 7:32,486
7/9/25 7:33,489
7/9/25 7:33,489
7/9/25 7:34,489
7/9/25 7:34,489
7/9/25 7:35,488
7/9/25 7:35,488
7/9/25 7:36,487
7/9/25 7:36,487
7/9/25 7:37,486
7/9/25 7:37,486
7/9/25 7:38,487
7/9/25 7:38,487
7/9/25 7:39,489
7/9/25 7:39,489
7/9/25 7:40,485
7/9/25 7:40,485
7/9/25 7:41,486
7/9/25 7:41,486
7/9/25 7:42,486
7/9/25 7:43,482
7/9/25 7:43,482
7/9/25 7:44,478
7/9/25 7:44,478
7/9/25 7:45,474
7/9/25 7:45,474
7/9/25 7:46,471
7/9/25 7:47,438
7/9/25 7:47,438
7/9/25 7:49,456
7/9/25 7:49,456
7/9/25 7:50,460
7/9/25 7:50,460
7/9/25 7:51,467
7/9/25 7:51,467
7/9/25 7:52,469
7/9/25 7:52,469
7/9/25 7:53,474
7/9/25 7:53,474
7/9/25 7:54,482
7/9/25 7:54,482
7/9/25 7:55,484
7/9/25 7:55,484
7/9/25 7:56,486
7/9/25 7:56,486
7/9/25 7:57,480
7/9/25 7:57,480
7/9/25 7:58,481
7/9/25 7:58,481
7/9/25 7:59,474
7/9/25 7:59,474
7/9/25 8:00,470
7/9/25 8:00,470
7/9/25 8:01,469
7/9/25 8:02,469
7/9/25 8:02,469
7/9/25 8:03,469
7/9/25 8:03,469
7/9/25 8:04,468
7/9/25 8:04,468
7/9/25 8:05,467
7/9/25 8:05,467
7/9/25 8:06,467
7/9/25 8:06,467
7/9/25 8:07,468
7/9/25 8:07,468
7/9/25 8:08,468
7/9/25 8:08,468
7/9/25 8:10,468
7/9/25 8:10,468
7/9/25 8:11,465
7/9/25 8:11,465
7/9/25 8:12,466
7/9/25 8:12,466
7/9/25 8:13,467
7/9/25 8:13,467
7/9/25 8:14,465
7/9/25 8:14,465
7/9/25 8:15,463
7/9/25 8:15,463
7/9/25 8:16,462
7/9/25 8:16,462
7/9/25 8:17,465
7/9/25 8:17,465
7/9/25 8:18,468
7/9/25 8:18,468
7/9/25 8:19,468
7/9/25 8:19,468
7/9/25 8:20,468
7/9/25 8:20,468
7/9/25 8:21,469
7/9/25 8:22,470
7/9/25 8:22,470
7/9/25 8:23,477
7/9/25 8:23,477
7/9/25 8:24,479
7/9/25 8:24,479
7/9/25 8:25,475
7/9/25 8:26,474
7/9/25 8:26,474
7/9/25 8:27,469
7/9/25 8:28,467
7/9/25 8:28,467
7/9/25 8:29,468
7/9/25 8:29,468
7/9/25 8:31,477
7/9/25 8:31,477
7/9/25 8:32,479
7/9/25 8:32,479
7/9/25 8:33,483
7/9/25 8:33,483
7/9/25 8:34,483
7/9/25 8:34,483
7/9/25 8:35,481
7/9/25 8:35,481
7/9/25 8:36,474
7/9/25 8:36,474
7/9/25 8:37,471
7/9/25 8:37,471
7/9/25 8:38,470
7/9/25 8:38,470
7/9/25 8:39,471
7/9/25 8:39,471
7/9/25 8:40,472
7/9/25 8:40,472
7/9/25 8:41,471
7/9/25 8:41,471
7/9/25 8:42,472
7/9/25 8:43,474
7/9/25 8:43,474
7/9/25 8:45,477
7/9/25 8:45,477
7/9/25 8:46,480
7/9/25 8:46,480
7/9/25 8:47,481
7/9/25 8:47,481
7/9/25 8:48,484
7/9/25 8:48,484
7/9/25 8:49,485
7/9/25 8:49,485
7/9/25 8:50,488
7/9/25 8:50,488
7/9/25 8:52,488
7/9/25 8:52,488
7/9/25 8:53,490
7/9/25 8:53,490
7/9/25 8:54,490
7/9/25 8:54,490
7/9/25 8:55,490
7/9/25 8:55,490
7/9/25 8:56,485
7/9/25 8:56,485
7/9/25 8:57,478
7/9/25 8:57,478
7/9/25 8:58,482
7/9/25 8:58,482
7/9/25 8:59,483
7/9/25 8:59,483
7/9/25 9:00,484
7/9/25 9:00,484
7/9/25 9:01,483
7/9/25 9:01,483
7/9/25 9:02,483
7/9/25 9:02,483
7/9/25 9:03,485
7/9/25 9:03,485
7/9/25 9:04,482
7/9/25 9:04,482
7/9/25 9:05,486
7/9/25 9:05,486
7/9/25 9:06,475
7/9/25 9:06,475
7/9/25 9:07,439
7/9/25 9:07,439
7/9/25 9:08,426
7/9/25 9:08,426
7/9/25 9:09,477
7/9/25 9:09,477
7/9/25 9:10,450
7/9/25 9:10,450
7/9/25 9:11,483
7/9/25 9:12,477
7/9/25 9:12,477
7/9/25 9:14,480
7/9/25 9:14,480
7/9/25 9:15,493
7/9/25 9:17,499
7/9/25 9:17,499
7/9/25 9:18,497
7/9/25 9:18,497
7/9/25 9:19,500
7/9/25 9:19,500
7/9/25 9:21,500
7/9/25 9:21,500
7/9/25 9:22,504
7/9/25 9:22,504
7/9/25 9:23,505
7/9/25 9:24,507
7/9/25 9:24,507
7/9/25 9:26,502
7/9/25 9:26,502
7/9/25 9:27,502
7/9/25 9:27,502
7/9/25 9:28,502
7/9/25 9:28,502
7/9/25 9:29,492
7/9/25 9:31,483
7/9/25 9:31,483
7/9/25 9:31,490
7/9/25 9:31,490
7/9/25 9:32,457
7/9/25 9:32,457
7/9/25 9:33,468
7/9/25 9:35,487
7/9/25 9:36,491
7/9/25 9:37,496
7/9/25 9:37,496
7/9/25 9:38,487
7/9/25 9:38,487
7/9/25 9:39,461
7/9/25 9:39,461
7/9/25 9:40,488
7/9/25 9:40,488
7/9/25 9:41,497
7/9/25 9:41,497
7/9/25 9:42,492
7/9/25 9:42,492
7/9/25 9:43,483
7/9/25 9:43,483
7/9/25 9:44,456
7/9/25 9:44,456
7/9/25 9:45,450
7/9/25 9:45,450
7/9/25 9:46,453
7/9/25 9:46,453
7/9/25 9:47,457
7/9/25 9:47,457
7/9/25 9:48,453
7/9/25 9:48,453
7/9/25 9:49,446
7/9/25 9:49,446
7/9/25 9:51,444
7/9/25 9:51,444
7/9/25 9:52,440
7/9/25 9:52,440
7/9/25 9:53,440
7/9/25 9:53,440
7/9/25 9:54,482
7/9/25 9:54,482
7/9/25 9:55,498
7/9/25 9:55,498
7/9/25 9:56,504
7/9/25 9:57,510
7/9/25 9:57,510
7/9/25 9:58,513
7/9/25 9:58,513
7/9/25 9:59,514
7/9/25 9:59,514
7/9/25 10:00,510
7/9/25 10:00,510
7/9/25 10:01,508
7/9/25 10:01,508
7/9/25 10:02,510
7/9/25 10:02,510
7/9/25 10:03,510
7/9/25 10:03,510
7/9/25 10:04,508
7/9/25 10:04,508
7/9/25 10:05,505
7/9/25 10:05,505
7/9/25 10:06,498
7/9/25 10:06,498
7/9/25 10:07,496
7/9/25 10:07,496
7/9/25 10:08,496
7/9/25 10:08,496
7/9/25 10:09,499
7/9/25 10:09,499
7/9/25 10:10,508
7/9/25 10:10,508
7/9/25 10:12,511
7/9/25 10:12,511
7/9/25 10:13,512
7/9/25 10:13,512
7/9/25 10:14,514
7/9/25 10:14,514
7/9/25 10:15,519
7/9/25 10:15,519
7/9/25 10:16,523
7/9/25 10:16,523
7/9/25 10:17,524
7/9/25 10:17,524
7/9/25 10:18,522
7/9/25 10:18,522
7/9/25 10:19,520
7/9/25 10:20,522
7/9/25 10:20,522
7/9/25 10:21,522
7/9/25 10:21,522
7/9/25 10:22,514
7/9/25 10:22,514
7/9/25 10:23,508
7/9/25 10:23,508
7/9/25 10:24,504
7/9/25 10:24,504
7/9/25 10:25,508
7/9/25 10:25,508
7/9/25 10:26,509
7/9/25 10:26,509
7/9/25 10:27,510
7/9/25 10:27,510
7/9/25 10:28,506
7/9/25 10:28,506
7/9/25 10:29,513
7/9/25 10:29,513
7/9/25 10:30,523
7/9/25 10:30,523
7/9/25 10:31,506
7/9/25 10:31,506
7/9/25 10:33,503
7/9/25 10:33,503
7/9/25 10:34,508
7/9/25 10:35,521
7/9/25 10:35,521
7/9/25 10:36,524
7/9/25 10:36,524
7/9/25 10:37,526
7/9/25 10:37,526
7/9/25 10:38,527
7/9/25 10:38,527
7/9/25 10:39,524
7/9/25 10:39,524
7/9/25 10:40,525
7/9/25 10:40,525
7/9/25 10:41,525
7/9/25 10:42,527
7/9/25 10:42,527
7/9/25 10:43,488
7/9/25 10:43,488
7/9/25 10:44,503
7/9/25 10:44,503
7/9/25 10:45,509
7/9/25 10:45,509
7/9/25 10:46,476
7/9/25 10:46,476
7/9/25 10:47,459
7/9/25 10:47,459
7/9/25 10:48,467
7/9/25 10:48,467
7/9/25 10:50,463
7/9/25 10:52,453
7/9/25 10:52,453
7/9/25 10:53,459
7/9/25 10:54,461
7/9/25 10:54,461
7/9/25 10:55,459
7/9/25 10:55,459
7/9/25 10:56,457
7/9/25 10:56,457
7/9/25 10:57,477
7/9/25 10:57,477
7/9/25 10:58,474
7/9/25 10:58,474
7/9/25 10:59,471
7/9/25 10:59,471
7/9/25 11:00,467
7/9/25 11:00,467
7/9/25 11:02,467
7/9/25 11:02,467
7/9/25 11:03,470
7/9/25 11:03,470
7/9/25 11:04,468
7/9/25 11:04,468
7/9/25 11:05,524
7/9/25 11:05,524
7/9/25 11:06,540
7/9/25 11:06,540
7/9/25 11:07,550
7/9/25 11:07,550
7/9/25 11:08,551
7/9/25 11:08,551
7/9/25 11:09,553
7/9/25 11:09,553
7/9/25 11:11,554
7/9/25 11:11,554
7/9/25 11:12,553
7/9/25 11:12,553
7/9/25 11:13,555
7/9/25 11:13,555
7/9/25 11:14,555
7/9/25 11:14,555
7/9/25 11:15,555
7/9/25 11:15,555
7/9/25 11:16,552
7/9/25 11:16,552
7/9/25 11:17,544
7/9/25 11:17,544
7/9/25 11:18,519
7/9/25 11:18,519
7/9/25 11:19,545
7/9/25 11:19,545
7/9/25 11:20,575
7/9/25 11:20,575
7/9/25 11:21,603
7/9/25 11:21,603
7/9/25 11:22,614
7/9/25 11:23,619
7/9/25 11:23,619
7/9/25 11:24,624
7/9/25 11:24,624
7/9/25 11:25,626
7/9/25 11:25,626
7/9/25 11:26,631
7/9/25 11:26,631
7/9/25 11:27,631
7/9/25 11:28,635
7/9/25 11:28,635
7/9/25 11:29,637
7/9/25 11:29,637
7/9/25 11:30,639
7/9/25 11:30,639
7/9/25 11:31,639
7/9/25 11:33,638
7/9/25 11:33,638
7/9/25 11:34,636
7/9/25 11:34,636
7/9/25 11:35,635
7/9/25 11:36,634
7/9/25 11:36,634
7/9/25 11:37,638
7/9/25 11:37,638
7/9/25 11:38,641
7/9/25 11:38,641
7/9/25 11:39,642
7/9/25 11:39,642
7/9/25 11:40,642
7/9/25 11:40,642
7/9/25 11:41,641
7/9/25 11:41,641
7/9/25 11:42,639
7/9/25 11:42,639
7/9/25 11:43,643
7/9/25 11:43,643
7/9/25 11:44,647
7/9/25 11:44,647
7/9/25 11:45,648
7/9/25 11:45,648
7/9/25 11:46,649
7/9/25 11:46,649
7/9/25 11:47,652
7/9/25 11:47,652
7/9/25 11:48,654
7/9/25 11:49,652
7/9/25 11:49,652
7/9/25 11:50,652
7/9/25 11:50,652
7/9/25 11:51,651
7/9/25 11:51,651
7/9/25 11:52,650
7/9/25 11:52,650
7/9/25 11:55,649
7/9/25 11:55,649
7/9/25 11:56,652
7/9/25 11:56,652
7/9/25 11:57,651
7/9/25 11:57,651
7/9/25 11:58,651
7/9/25 11:58,651
7/9/25 11:59,649
7/9/25 11:59,649
7/9/25 12:01,647
7/9/25 12:01,647
7/9/25 12:02,648
7/9/25 12:02,648
7/9/25 12:03,647
7/9/25 12:04,645
7/9/25 12:04,645
7/9/25 12:05,644
7/9/25 12:05,644
7/9/25 12:06,644
7/9/25 12:07,645
7/9/25 12:07,645
7/9/25 12:08,643
7/9/25 12:08,643
7/9/25 12:09,643
7/9/25 12:09,643
7/9/25 12:10,643
7/9/25 12:10,643
7/9/25 12:11,641
7/9/25 12:11,641
7/9/25 12:12,642
7/9/25 12:12,642
7/9/25 12:13,641
7/9/25 12:13,641
7/9/25 12:15,642
7/9/25 12:15,642
7/9/25 12:16,641
7/9/25 12:16,641
7/9/25 12:17,638
7/9/25 12:17,638
7/9/25 12:18,635
7/9/25 12:18,635
7/9/25 12:19,632
7/9/25 12:19,632
7/9/25 12:20,628
7/9/25 12:20,628
7/9/25 12:21,627
7/9/25 12:21,627
7/9/25 12:22,624
7/9/25 12:22,624
7/9/25 12:23,623
7/9/25 12:23,623
7/9/25 12:24,627
7/9/25 12:24,627
7/9/25 12:25,629
7/9/25 12:25,629
7/9/25 12:26,626
7/9/25 12:26,626
7/9/25 12:27,627
7/9/25 12:27,627
7/9/25 12:28,629
7/9/25 12:28,629
7/9/25 12:29,627
7/9/25 12:29,627
7/9/25 12:30,629
7/9/25 12:30,629
7/9/25 12:31,629
7/9/25 12:32,633
7/9/25 12:32,633
7/9/25 12:33,637
7/9/25 12:33,637
7/9/25 12:34,636
7/9/25 12:34,636
7/9/25 12:36,635
7/9/25 12:36,635
7/9/25 12:37,636
7/9/25 12:37,636
7/9/25 12:38,639
7/9/25 12:38,639
7/9/25 12:39,644
7/9/25 12:39,644
7/9/25 12:40,642
7/9/25 12:41,645
7/9/25 12:41,645
7/9/25 12:42,645
7/9/25 12:42,645
7/9/25 12:43,645
7/9/25 12:44,646
7/9/25 12:44,646
7/9/25 12:45,646
7/9/25 12:45,646
7/9/25 12:46,650
7/9/25 12:46,650
7/9/25 12:47,648
7/9/25 12:47,648
7/9/25 12:48,650
7/9/25 12:49,650
7/9/25 12:49,650
7/9/25 12:50,650
7/9/25 12:50,650
7/9/25 12:51,648
7/9/25 12:51,648
7/9/25 12:52,644
7/9/25 12:52,644
7/9/25 12:53,642
7/9/25 12:53,642
7/9/25 12:54,646
7/9/25 12:54,646
7/9/25 12:55,646
7/9/25 12:55,646
7/9/25 12:57,646
7/9/25 12:57,646
7/9/25 12:58,645
7/9/25 12:58,645
7/9/25 12:59,645
7/9/25 12:59,645
7/9/25 13:00,645
7/9/25 13:00,645
7/9/25 13:01,639
7/9/25 13:01,639
7/9/25 13:02,639
7/9/25 13:03,643
7/9/25 13:04,644
7/9/25 13:04,644
7/9/25 13:05,643
7/9/25 13:05,643
7/9/25 13:06,643
7/9/25 13:06,643
7/9/25 13:07,643
7/9/25 13:07,643
7/9/25 13:08,645
7/9/25 13:08,645
7/9/25 13:09,642
7/9/25 13:09,642
7/9/25 13:10,641
7/9/25 13:10,641
7/9/25 13:11,640
7/9/25 13:11,640
7/9/25 13:12,639
7/9/25 13:12,639
7/9/25 13:13,639
7/9/25 13:13,639
7/9/25 13:14,642
7/9/25 13:14,642
7/9/25 13:15,641
7/9/25 13:15,641
7/9/25 13:16,638
7/9/25 13:16,638
7/9/25 13:18,638
7/9/25 13:18,638
7/9/25 13:19,637
7/9/25 13:19,637
7/9/25 13:20,637
7/9/25 13:20,637
7/9/25 13:21,639
7/9/25 13:21,639
7/9/25 13:22,639
7/9/25 13:22,639
7/9/25 13:23,639
7/9/25 13:23,639
7/9/25 13:24,637
7/9/25 13:24,637
7/9/25 13:25,635
7/9/25 13:25,635
7/9/25 13:26,636
7/9/25 13:27,639
7/9/25 13:27,639
7/9/25 13:28,640
7/9/25 13:28,640
7/9/25 13:29,636
7/9/25 13:30,632
7/9/25 13:30,632
7/9/25 13:31,634
7/9/25 13:32,635
7/9/25 13:32,635
7/9/25 13:33,635
7/9/25 13:33,635
7/9/25 13:34,637
7/9/25 13:34,637
7/9/25 13:35,636
7/9/25 13:35,636
7/9/25 13:36,633
7/9/25 13:36,633
7/9/25 13:37,633
7/9/25 13:37,633
7/9/25 13:39,633
7/9/25 13:39,633
7/9/25 13:40,635
7/9/25 13:40,635
7/9/25 13:41,637
7/9/25 13:41,637
7/9/25 13:42,637
7/9/25 13:43,635
7/9/25 13:43,635
7/9/25 13:44,633
7/9/25 13:44,633
7/9/25 13:45,637
7/9/25 13:45,637
7/9/25 13:46,635
7/9/25 13:46,635
7/9/25 13:47,635
7/9/25 13:47,635
7/9/25 13:48,636
7/9/25 13:48,636
7/9/25 13:49,634
7/9/25 13:49,634
7/9/25 13:50,634
7/9/25 13:50,634
7/9/25 13:51,654
7/9/25 13:52,661
7/9/25 13:52,661
7/9/25 13:53,664
7/9/25 13:53,664
7/9/25 13:54,669
7/9/25 13:54,669
7/9/25 13:55,669
7/9/25 13:55,669
7/9/25 13:56,669
7/9/25 13:56,669
7/9/25 13:57,668
7/9/25 13:57,668
7/9/25 13:58,667
7/9/25 13:58,667
7/9/25 14:00,665
7/9/25 14:00,665
7/9/25 14:01,664
7/9/25 14:01,664
7/9/25 14:02,664
7/9/25 14:02,664
7/9/25 14:03,663
7/9/25 14:04,664
7/9/25 14:04,664
7/9/25 14:05,663
7/9/25 14:05,663
7/9/25 14:06,659
7/9/25 14:06,659
7/9/25 14:07,661
7/9/25 14:07,661
7/9/25 14:08,659
7/9/25 14:08,659
7/9/25 14:09,657
7/9/25 14:09,657
7/9/25 14:10,658
7/9/25 14:10,658
7/9/25 14:11,658
7/9/25 14:12,659
7/9/25 14:12,659
7/9/25 14:13,659
7/9/25 14:13,659
7/9/25 14:15,658
7/9/25 14:15,658
7/9/25 14:16,660
7/9/25 14:16,660
7/9/25 14:17,658
7/9/25 14:17,658
7/9/25 14:18,659
7/9/25 14:18,659
7/9/25 14:19,660
7/9/25 14:19,660
7/9/25 14:21,660
7/9/25 14:22,661
7/9/25 14:22,661
7/9/25 14:23,660
7/9/25 14:23,660
7/9/25 14:24,658
7/9/25 14:24,658
7/9/25 14:25,662
7/9/25 14:25,662
7/9/25 14:27,662
7/9/25 14:27,662
7/9/25 14:28,665
7/9/25 14:28,665
7/9/25 14:29,668
7/9/25 14:29,668
7/9/25 14:30,671
7/9/25 14:31,669
7/9/25 14:31,669
7/9/25 14:32,669
7/9/25 14:32,669
7/9/25 14:33,670
7/9/25 14:33,670
7/9/25 14:34,674
7/9/25 14:34,674
7/9/25 14:35,675
7/9/25 14:35,675
7/9/25 14:36,677
7/9/25 14:36,677
7/9/25 14:37,682
7/9/25 14:37,682
7/9/25 14:38,681
7/9/25 14:38,681
7/9/25 14:39,683
7/9/25 14:39,683
7/9/25 14:40,687
7/9/25 14:40,687
7/9/25 14:42,689
7/9/25 14:42,689
7/9/25 14:43,692
7/9/25 14:43,692
7/9/25 14:44,692
7/9/25 14:44,692
7/9/25 14:45,691
7/9/25 14:45,691
7/9/25 14:46,692
7/9/25 14:46,692
7/9/25 14:47,696
7/9/25 14:47,696
7/9/25 14:48,696
7/9/25 14:48,696
7/9/25 14:49,695
7/9/25 14:50,694
7/9/25 14:50,694
7/9/25 14:51,694
7/9/25 14:51,694
7/9/25 14:52,699
7/9/25 14:52,699
7/9/25 14:53,700
7/9/25 14:54,702
7/9/25 14:54,702
7/9/25 14:55,700
7/9/25 14:55,700
7/9/25 14:56,701
7/9/25 14:56,701
7/9/25 14:57,703
7/9/25 14:57,703
7/9/25 14:59,693
7/9/25 14:59,693
7/9/25 15:00,699
7/9/25 15:00,699
7/9/25 15:01,704
7/9/25 15:01,704
7/9/25 15:02,707
7/9/25 15:02,707
7/9/25 15:03,707
7/9/25 15:03,707
7/9/25 15:04,709
7/9/25 15:04,709
7/9/25 15:05,710
7/9/25 15:05,710
7/9/25 15:06,714
7/9/25 15:06,714
7/9/25 15:07,714
7/9/25 15:07,714
7/9/25 15:08,712
7/9/25 15:08,712
7/9/25 15:09,714
7/9/25 15:09,714
7/9/25 15:10,713
7/9/25 15:10,713
7/9/25 15:11,715
7/9/25 15:11,715
7/9/25 15:12,711
7/9/25 15:12,711
7/9/25 15:13,710
7/9/25 15:13,710
7/9/25 15:14,708
7/9/25 15:14,708
7/9/25 15:16,704
7/9/25 15:16,704
7/9/25 15:17,703
7/9/25 15:17,703
7/9/25 15:18,704
7/9/25 15:18,704
7/9/25 15:20,703
7/9/25 15:20,703
7/9/25 15:21,702
7/9/25 15:21,702
7/9/25 15:22,700
7/9/25 15:22,700
7/9/25 15:23,698
7/9/25 15:23,698
7/9/25 15:24,699
7/9/25 15:24,699
7/9/25 15:25,697
7/9/25 15:25,697
7/9/25 15:26,697
7/9/25 15:26,697
7/9/25 15:27,699
7/9/25 15:27,699
7/9/25 15:28,698
7/9/25 15:28,698
7/9/25 15:29,699
7/9/25 15:29,699
7/9/25 15:30,698
7/9/25 15:30,698
7/9/25 15:31,699
7/9/25 15:31,699
7/9/25 15:32,700
7/9/25 15:32,700
7/9/25 15:33,699
7/9/25 15:33,699
7/9/25 15:34,698
7/9/25 15:34,698
7/9/25 15:36,697
7/9/25 15:36,697
7/9/25 15:37,698
7/9/25 15:37,698
7/9/25 15:38,698
7/9/25 15:38,698
7/9/25 15:39,698
7/9/25 15:39,698
7/9/25 15:41,698
7/9/25 15:41,698
7/9/25 15:42,698
7/9/25 15:42,698
7/9/25 15:43,699
7/9/25 15:43,699
7/9/25 15:44,698
7/9/25 15:44,698
7/9/25 15:45,695
7/9/25 15:45,695
7/9/25 15:46,696
7/9/25 15:46,696
7/9/25 15:47,697
7/9/25 15:47,697
7/9/25 15:48,697
7/9/25 15:48,697
7/9/25 15:49,698
7/9/25 15:49,698
7/9/25 15:50,698
7/9/25 15:50,698
7/9/25 15:51,700
7/9/25 15:52,701
7/9/25 15:52,701
7/9/25 15:53,699
7/9/25 15:54,699
7/9/25 15:54,699
7/9/25 15:55,699
7/9/25 15:55,699
7/9/25 15:56,698
7/9/25 15:56,698
7/9/25 15:57,698
7/9/25 15:57,698
7/9/25 15:58,701
7/9/25 15:58,701
7/9/25 15:59,699
7/9/25 15:59,699
7/9/25 16:00,699
7/9/25 16:00,699
7/9/25 16:02,699
7/9/25 16:02,699
7/9/25 16:03,699
7/9/25 16:03,699
7/9/25 16:04,701
7/9/25 16:04,701
7/9/25 16:05,699
7/9/25 16:05,699
7/9/25 16:06,698
7/9/25 16:06,698
7/9/25 16:07,699
7/9/25 16:07,699
7/9/25 16:08,694
7/9/25 16:08,694
7/9/25 16:09,696
7/9/25 16:09,696
7/9/25 16:10,696
7/9/25 16:11,694
7/9/25 16:11,694
7/9/25 16:12,696
7/9/25 16:12,696
7/9/25 16:13,695
7/9/25 16:13,695
7/9/25 16:14,693
7/9/25 16:14,693
7/9/25 16:15,693
7/9/25 16:15,693
7/9/25 16:16,693
7/9/25 16:16,693
7/9/25 16:17,691
7/9/25 16:17,691
7/9/25 16:18,691
7/9/25 16:18,691
7/9/25 16:19,691
7/9/25 16:19,691
7/9/25 16:20,692
7/9/25 16:20,692
7/9/25 16:21,691
7/9/25 16:21,691
7/9/25 16:23,687
7/9/25 16:23,687
7/9/25 16:24,686
7/9/25 16:25,686
7/9/25 16:25,686
7/9/25 16:26,690
7/9/25 16:26,690
7/9/25 16:27,693
7/9/25 16:27,693
7/9/25 16:28,695
7/9/25 16:28,695
7/9/25 16:29,697
7/9/25 16:29,697
7/9/25 16:30,700
7/9/25 16:31,703
7/9/25 16:31,703
7/9/25 16:32,702
7/9/25 16:32,702
7/9/25 16:33,703
7/9/25 16:33,703
7/9/25 16:34,708
7/9/25 16:34,708
7/9/25 16:35,726
7/9/25 16:35,726
7/9/25 16:36,741
7/9/25 16:36,741
7/9/25 16:37,743
7/9/25 16:37,743
7/9/25 16:38,745
7/9/25 16:38,745
7/9/25 16:39,747
7/9/25 16:39,747
7/9/25 16:40,748
7/9/25 16:40,748
7/9/25 16:41,749
7/9/25 16:41,749
7/9/25 16:42,750
7/9/25 16:42,750
7/9/25 16:44,751
7/9/25 16:45,710
7/9/25 16:45,710
7/9/25 16:46,732
7/9/25 16:46,732
7/9/25 16:47,737
7/9/25 16:47,737
7/9/25 16:48,741
7/9/25 16:48,741
7/9/25 16:49,741
7/9/25 16:49,741
7/9/25 16:50,740
7/9/25 16:50,740
7/9/25 16:51,738
7/9/25 16:51,738
7/9/25 16:53,735
7/9/25 16:53,735
7/9/25 16:54,733
7/9/25 16:54,733
7/9/25 16:55,730
7/9/25 16:55,730
7/9/25 16:56,728
7/9/25 16:57,727
7/9/25 16:57,727
7/9/25 16:58,726
7/9/25 16:58,726
7/9/25 16:59,725
7/9/25 16:59,725
7/9/25 17:00,723
7/9/25 17:00,723
7/9/25 17:01,722
7/9/25 17:01,722
7/9/25 17:02,722
7/9/25 17:03,720
7/9/25 17:03,720
7/9/25 17:04,719
7/9/25 17:04,719
7/9/25 17:05,718
7/9/25 17:05,718
7/9/25 17:06,720
7/9/25 17:06,720
7/9/25 17:07,718
7/9/25 17:07,718
7/9/25 17:08,718
7/9/25 17:08,718
7/9/25 17:09,718
7/9/25 17:09,718
7/9/25 17:10,717
7/9/25 17:10,717
7/9/25 17:11,716
7/9/25 17:11,716
7/9/25 17:12,714
7/9/25 17:12,714
7/9/25 17:14,713
7/9/25 17:14,713
7/9/25 17:15,711
7/9/25 17:15,711
7/9/25 17:16,711
7/9/25 17:16,711
7/9/25 17:17,712
7/9/25 17:17,712
7/9/25 17:18,711
7/9/25 17:18,711
7/9/25 17:19,712
7/9/25 17:19,712
7/9/25 17:20,711
7/9/25 17:21,709
7/9/25 17:21,709
7/9/25 17:22,710
7/9/25 17:22,710
7/9/25 17:23,711
7/9/25 17:24,709
7/9/25 17:24,709
7/9/25 17:25,709
7/9/25 17:25,709
7/9/25 17:26,709
7/9/25 17:26,709
7/9/25 17:27,710
7/9/25 17:27,710
7/9/25 17:28,709
7/9/25 17:29,710
7/9/25 17:29,710
7/9/25 17:30,711
7/9/25 17:30,711
7/9/25 17:31,714
7/9/25 17:31,714
7/9/25 17:32,714
7/9/25 17:32,714
7/9/25 17:33,710
7/9/25 17:35,708
7/9/25 17:35,708
7/9/25 17:36,707
7/9/25 17:36,707
7/9/25 17:37,594
7/9/25 17:37,594
7/9/25 17:38,578
7/9/25 17:38,578
7/9/25 17:39,574
7/9/25 17:40,593
7/9/25 17:40,593
7/9/25 17:41,572
7/9/25 17:42,577
7/9/25 17:42,577
7/9/25 17:43,577
7/9/25 17:43,577
7/9/25 17:44,627
7/9/25 17:44,627
7/9/25 17:45,697
7/9/25 17:45,697
7/9/25 17:46,712
7/9/25 17:46,712
7/9/25 17:47,717
7/9/25 17:47,717
7/9/25 17:48,716
7/9/25 17:48,716
7/9/25 17:49,713
7/9/25 17:49,713
7/9/25 17:50,708
7/9/25 17:50,708
7/9/25 17:51,702
7/9/25 17:51,702
7/9/25 17:52,694
7/9/25 17:52,694
7/9/25 17:53,694
7/9/25 17:53,694
7/9/25 17:54,688
7/9/25 17:54,688
7/9/25 17:56,685
7/9/25 17:56,685
7/9/25 17:57,687
7/9/25 17:57,687
7/9/25 17:58,690
7/9/25 17:58,690
7/9/25 17:59,685
7/9/25 17:59,685
7/9/25 18:00,684
7/9/25 18:00,684
7/9/25 18:01,683
7/9/25 18:01,683
7/9/25 18:02,672
7/9/25 18:02,672
7/9/25 18:03,677
7/9/25 18:03,677
7/9/25 18:04,678
7/9/25 18:04,678
7/9/25 18:05,679
7/9/25 18:05,679
7/9/25 18:06,684
7/9/25 18:06,684
7/9/25 18:07,689
7/9/25 18:07,689
7/9/25 18:08,694
7/9/25 18:08,694
7/9/25 18:09,695
7/9/25 18:09,695
7/9/25 18:10,688
7/9/25 18:10,688
7/9/25 18:11,684
7/9/25 18:11,684
7/9/25 18:12,689
7/9/25 18:13,691
7/9/25 18:13,691
7/9/25 18:14,685
7/9/25 18:14,685
7/9/25 18:15,688
7/9/25 18:17,688
7/9/25 18:18,679
7/9/25 18:18,679
7/9/25 18:19,683
7/9/25 18:19,683
7/9/25 18:20,687
7/9/25 18:20,687
7/9/25 18:21,687
7/9/25 18:21,687
7/9/25 18:22,685
7/9/25 18:22,685
7/9/25 18:23,689
7/9/25 18:23,689
7/9/25 18:25,703
7/9/25 18:26,697
7/9/25 18:26,697
7/9/25 18:27,699
7/9/25 18:28,699
7/9/25 18:28,699
7/9/25 18:29,693
7/9/25 18:30,689
7/9/25 18:30,689
7/9/25 18:31,690
7/9/25 18:31,690
7/9/25 18:32,692
7/9/25 18:33,695
7/9/25 18:33,695
7/9/25 18:34,697
7/9/25 18:34,697
7/9/25 18:35,696
7/9/25 18:35,696
7/9/25 18:36,687
7/9/25 18:36,687
7/9/25 18:38,691
7/9/25 18:38,691
7/9/25 18:39,685
7/9/25 18:40,684
7/9/25 18:40,684
7/9/25 18:41,686
7/9/25 18:41,686
7/9/25 18:42,683
7/9/25 18:42,683
7/9/25 18:43,686
7/9/25 18:43,686
7/9/25 18:44,683
7/9/25 18:44,683
7/9/25 18:45,682
7/9/25 18:45,682
7/9/25 18:46,682
7/9/25 18:46,682
7/9/25 18:47,683
7/9/25 18:48,682
7/9/25 18:48,682
7/9/25 18:49,679
7/9/25 18:49,679
7/9/25 18:50,656
7/9/25 18:50,656
7/9/25 18:51,670
7/9/25 18:52,668
7/9/25 18:53,663
7/9/25 18:53,663
7/9/25 18:54,656
7/9/25 18:54,656
7/9/25 18:55,655
7/9/25 18:55,655
7/9/25 18:56,665
7/9/25 18:56,665
7/9/25 18:57,667
7/9/25 18:57,667
7/9/25 18:59,670
7/9/25 18:59,670
7/9/25 19:00,664
7/9/25 19:01,669
7/9/25 19:01,669
7/9/25 19:02,668
7/9/25 19:02,668
7/9/25 19:03,665
7/9/25 19:03,665
7/9/25 19:04,667
7/9/25 19:04,667
7/9/25 19:05,661
7/9/25 19:05,661
7/9/25 19:06,665
7/9/25 19:07,662
7/9/25 19:07,662
7/9/25 19:08,665
7/9/25 19:08,665
7/9/25 19:09,667
7/9/25 19:09,667
7/9/25 19:10,671
7/9/25 19:10,671
7/9/25 19:11,669
7/9/25 19:11,669
7/9/25 19:12,669
7/9/25 19:12,669
7/9/25 19:13,667
7/9/25 19:13,667
7/9/25 19:14,670
7/9/25 19:14,670
7/9/25 19:15,665
7/9/25 19:15,665
7/9/25 19:16,668
7/9/25 19:16,668
7/9/25 19:17,669
7/9/25 19:17,669
7/9/25 19:18,669
7/9/25 19:18,669
7/9/25 19:20,669
7/9/25 19:20,669
7/9/25 19:21,667
7/9/25 19:21,667
7/9/25 19:22,667
7/9/25 19:22,667
7/9/25 19:23,669
7/9/25 19:23,669
7/9/25 19:24,669
7/9/25 19:24,669
7/9/25 19:25,667
7/9/25 19:25,667
7/9/25 19:26,669
7/9/25 19:26,669
7/9/25 19:27,668
7/9/25 19:27,668
7/9/25 19:28,668
7/9/25 19:28,668
7/9/25 19:29,668
7/9/25 19:29,668
7/9/25 19:30,671
7/9/25 19:30,671
7/9/25 19:31,671
7/9/25 19:32,671
7/9/25 19:32,671
7/9/25 19:33,672
7/9/25 19:33,672
7/9/25 19:34,672
7/9/25 19:34,672
7/9/25 19:35,674
7/9/25 19:35,674
7/9/25 19:36,670
7/9/25 19:36,670
7/9/25 19:37,671
7/9/25 19:37,671
7/9/25 19:38,671
7/9/25 19:38,671
7/9/25 19:39,674
7/9/25 19:39,674
7/9/25 19:41,675
7/9/25 19:42,674
7/9/25 19:42,674
7/9/25 19:43,673
7/9/25 19:43,673
7/9/25 19:44,672
7/9/25 19:44,672
7/9/25 19:45,672
7/9/25 19:45,672
7/9/25 19:46,675
7/9/25 19:46,675
7/9/25 19:47,675
7/9/25 19:47,675
7/9/25 19:48,676
7/9/25 19:48,676
7/9/25 19:49,676
7/9/25 19:49,676
7/9/25 19:50,675
7/9/25 19:50,675
7/9/25 19:51,676
7/9/25 19:51,676
7/9/25 19:52,673
7/9/25 19:52,673
7/9/25 19:53,673
7/9/25 19:53,673
7/9/25 19:54,673
7/9/25 19:54,673
7/9/25 19:55,676
7/9/25 19:55,676
7/9/25 19:56,677
7/9/25 19:56,677
7/9/25 19:57,675
7/9/25 19:57,675
7/9/25 19:58,674
7/9/25 19:58,674
7/9/25 19:59,674
7/9/25 20:00,672
7/9/25 20:02,670
7/9/25 20:02,670
7/9/25 20:03,671
7/9/25 20:03,671
7/9/25 20:04,672
7/9/25 20:04,672
7/9/25 20:05,673
7/9/25 20:05,673
7/9/25 20:06,671
7/9/25 20:07,671
7/9/25 20:07,671
7/9/25 20:08,674
7/9/25 20:08,674
7/9/25 20:09,673
7/9/25 20:10,672
7/9/25 20:10,672
7/9/25 20:11,671
7/9/25 20:11,671
7/9/25 20:12,670
7/9/25 20:12,670
7/9/25 20:13,668
7/9/25 20:13,668
7/9/25 20:14,669
7/9/25 20:14,669
7/9/25 20:15,669
7/9/25 20:16,667
7/9/25 20:16,667
7/9/25 20:17,667
7/9/25 20:17,667
7/9/25 20:18,668
7/9/25 20:18,668
7/9/25 20:19,668
7/9/25 20:19,668
7/9/25 20:20,667
7/9/25 20:20,667
7/9/25 20:21,663
7/9/25 20:21,663
7/9/25 20:22,660
7/9/25 20:22,660
7/9/25 20:24,663
7/9/25 20:24,663
7/9/25 20:25,662
7/9/25 20:25,662
7/9/25 20:26,662
7/9/25 20:26,662
7/9/25 20:28,665
7/9/25 20:29,663
7/9/25 20:29,663
7/9/25 20:30,665
7/9/25 20:30,665
7/9/25 20:31,663
7/9/25 20:31,663
7/9/25 20:32,663
7/9/25 20:32,663
7/9/25 20:33,664
7/9/25 20:33,664
7/9/25 20:34,665
7/9/25 20:34,665
7/9/25 20:35,665
7/9/25 20:35,665
7/9/25 20:36,665
7/9/25 20:36,665
7/9/25 20:37,628
7/9/25 20:37,628
7/9/25 20:38,654
7/9/25 20:38,654
7/9/25 20:39,662
7/9/25 20:40,667
7/9/25 20:40,667
7/9/25 20:41,667
7/9/25 20:41,667
7/9/25 20:42,667
7/9/25 20:42,667
7/9/25 20:43,673
7/9/25 20:43,673
7/9/25 20:45,675
7/9/25 20:45,675
7/9/25 20:46,675
7/9/25 20:46,675
7/9/25 20:47,674
7/9/25 20:48,677
7/9/25 20:48,677
7/9/25 20:49,678
7/9/25 20:49,678
7/9/25 20:50,680
7/9/25 20:50,680
7/9/25 20:51,683
7/9/25 20:51,683
7/9/25 20:52,684
7/9/25 20:52,684
7/9/25 20:53,685
7/9/25 20:53,685
7/9/25 20:54,689
7/9/25 20:54,689
7/9/25 20:55,690
7/9/25 20:55,690
7/9/25 20:56,690
7/9/25 20:56,690
7/9/25 20:57,694
7/9/25 20:57,694
7/9/25 20:58,694
7/9/25 20:58,694
7/9/25 20:59,695
7/9/25 20:59,695
7/9/25 21:00,696
7/9/25 21:00,696
7/9/25 21:01,697
7/9/25 21:01,697
7/9/25 21:02,698
7/9/25 21:03,702
7/9/25 21:03,702
7/9/25 21:04,704
7/9/25 21:04,704
7/9/25 21:06,709
7/9/25 21:06,709
7/9/25 21:07,686
7/9/25 21:07,686
7/9/25 21:08,693
7/9/25 21:08,693
7/9/25 21:09,702
7/9/25 21:09,702
7/9/25 21:10,707
7/9/25 21:10,707
7/9/25 21:11,709
7/9/25 21:11,709
7/9/25 21:12,712
7/9/25 21:12,712
7/9/25 21:13,714
7/9/25 21:13,714
7/9/25 21:14,719
7/9/25 21:14,719
7/9/25 21:15,720
7/9/25 21:15,720
7/9/25 21:17,720
7/9/25 21:17,720
7/9/25 21:18,724
7/9/25 21:18,724
7/9/25 21:19,724
7/9/25 21:19,724
7/9/25 21:20,723
7/9/25 21:20,723
7/9/25 21:21,726
7/9/25 21:21,726
7/9/25 21:22,729
7/9/25 21:22,729
7/9/25 21:23,729
7/9/25 21:23,729
7/9/25 21:24,732
7/9/25 21:24,732
7/9/25 21:25,733
7/9/25 21:25,733
7/9/25 21:26,733
7/9/25 21:26,733
7/9/25 21:27,734
7/9/25 21:27,734
7/9/25 21:28,737
7/9/25 21:28,737
7/9/25 21:29,738
7/9/25 21:29,738
7/9/25 21:30,741
7/9/25 21:30,741
7/9/25 21:31,743
7/9/25 21:31,743
7/9/25 21:32,744
7/9/25 21:32,744
7/9/25 21:33,744
7/9/25 21:33,744
7/9/25 21:34,746
7/9/25 21:34,746
7/9/25 21:35,746
7/9/25 21:35,746
7/9/25 21:36,746
7/9/25 21:36,746
7/9/25 21:37,749
7/9/25 21:39,750
7/9/25 21:39,750
7/9/25 21:40,751
7/9/25 21:40,751
7/9/25 21:41,752
7/9/25 21:41,752
7/9/25 21:42,755
7/9/25 21:42,755
7/9/25 21:44,757
7/9/25 21:45,758
7/9/25 21:45,758
7/9/25 21:47,763
7/9/25 21:47,763
7/9/25 21:48,763
7/9/25 21:48,763
7/9/25 21:49,766
7/9/25 21:49,766
7/9/25 21:50,766
7/9/25 21:50,766
7/9/25 21:51,768
7/9/25 21:51,768
7/9/25 21:52,768
7/9/25 21:52,768
7/9/25 21:53,772
7/9/25 21:53,772
7/9/25 21:54,772
7/9/25 21:54,772
7/9/25 21:55,775
7/9/25 21:55,775
7/9/25 21:56,780
7/9/25 21:56,780
7/9/25 21:57,782
7/9/25 21:57,782
7/9/25 21:58,782
7/9/25 21:58,782
7/9/25 22:00,780
7/9/25 22:00,780
7/9/25 22:01,780
7/9/25 22:01,780
7/9/25 22:02,782
7/9/25 22:02,782
7/9/25 22:03,782
7/9/25 22:03,782
7/9/25 22:04,786
7/9/25 22:04,786
7/9/25 22:05,785
7/9/25 22:05,785
7/9/25 22:08,785
7/9/25 22:08,785
7/9/25 22:09,786
7/9/25 22:09,786
7/9/25 22:10,787
7/9/25 22:10,787
7/9/25 22:11,789
7/9/25 22:11,789
7/9/25 22:12,788
7/9/25 22:12,788
7/9/25 22:13,791
7/9/25 22:13,791
7/9/25 22:14,791
7/9/25 22:14,791
7/9/25 22:15,791
7/9/25 22:15,791
7/9/25 22:16,791
7/9/25 22:16,791
7/9/25 22:17,792
7/9/25 22:17,792
7/9/25 22:18,789
7/9/25 22:18,789
7/9/25 22:19,790
7/9/25 22:21,792
7/9/25 22:21,792
7/9/25 22:22,793
7/9/25 22:22,793
7/9/25 22:23,791
7/9/25 22:23,791
7/9/25 22:24,793
7/9/25 22:24,793
7/9/25 22:25,796
7/9/25 22:25,796
7/9/25 22:26,791
7/9/25 22:26,791
7/9/25 22:27,792
7/9/25 22:27,792
7/9/25 22:28,793
7/9/25 22:28,793
7/9/25 22:29,793
7/9/25 22:29,793
7/9/25 22:30,793
7/9/25 22:31,793
7/9/25 22:31,793
7/9/25 22:32,791
7/9/25 22:32,791
7/9/25 22:33,792
7/9/25 22:33,792
7/9/25 22:34,791
7/9/25 22:34,791
7/9/25 22:35,789
7/9/25 22:35,789
7/9/25 22:36,793
7/9/25 22:36,793
7/9/25 22:37,793
7/9/25 22:37,793
7/9/25 22:38,790
7/9/25 22:38,790
7/9/25 22:39,789
7/9/25 22:39,789
7/9/25 22:40,788
7/9/25 22:40,788
7/9/25 22:42,788
7/9/25 22:42,788
7/9/25 22:43,787
7/9/25 22:43,787
7/9/25 22:44,786
7/9/25 22:44,786
7/9/25 22:45,785
7/9/25 22:45,785
7/9/25 22:46,786
7/9/25 22:46,786
7/9/25 22:47,785
7/9/25 22:47,785
7/9/25 22:48,783
7/9/25 22:48,783
7/9/25 22:49,781
7/9/25 22:49,781
7/9/25 22:50,780
7/9/25 22:50,780
7/9/25 22:51,785
7/9/25 22:51,785
7/9/25 22:52,783
7/9/25 22:52,783
7/9/25 22:53,783
7/9/25 22:53,783
7/9/25 22:54,784
7/9/25 22:54,784
7/9/25 22:55,784
7/9/25 22:55,784
7/9/25 22:56,779
7/9/25 22:56,779
7/9/25 22:57,781
7/9/25 22:57,781
7/9/25 22:58,780
7/9/25 22:58,780
7/9/25 22:59,779
7/9/25 22:59,779
7/9/25 23:00,779
7/9/25 23:00,779
7/9/25 23:01,780
7/9/25 23:03,778
7/9/25 23:03,778
7/9/25 23:04,780
7/9/25 23:04,780
7/9/25 23:05,780
7/9/25 23:05,780
7/9/25 23:06,777
7/9/25 23:07,779
7/9/25 23:07,779
7/9/25 23:08,781
7/9/25 23:08,781
7/9/25 23:09,778
7/9/25 23:09,778
7/9/25 23:10,777
7/9/25 23:11,777
7/9/25 23:11,777
7/9/25 23:12,777
7/9/25 23:13,774
7/9/25 23:13,774
7/9/25 23:14,772
7/9/25 23:14,772
7/9/25 23:15,772
7/9/25 23:15,772
7/9/25 23:16,774
7/9/25 23:16,774
7/9/25 23:17,774
7/9/25 23:17,774
7/9/25 23:18,776
7/9/25 23:18,776
7/9/25 23:19,776
7/9/25 23:19,776
7/9/25 23:20,776
7/9/25 23:20,776
7/9/25 23:21,774
7/9/25 23:21,774
7/9/25 23:22,776
7/9/25 23:22,776
7/9/25 23:23,775
7/9/25 23:23,775
7/9/25 23:25,774
7/9/25 23:25,774
7/9/25 23:26,772
7/9/25 23:26,772
7/9/25 23:27,771
7/9/25 23:27,771
7/9/25 23:28,771
7/9/25 23:28,771
7/9/25 23:29,769
7/9/25 23:29,769
7/9/25 23:30,769
7/9/25 23:30,769
7/9/25 23:31,770
7/9/25 23:31,770
7/9/25 23:32,769
7/9/25 23:32,769
7/9/25 23:33,769
7/9/25 23:33,769
7/9/25 23:34,770
7/9/25 23:34,770
7/9/25 23:35,769
7/9/25 23:35,769
7/9/25 23:36,769
7/9/25 23:37,768
7/9/25 23:37,768
7/9/25 23:38,767
7/9/25 23:38,767
7/9/25 23:39,769
7/9/25 23:39,769
7/9/25 23:40,765
7/9/25 23:41,767
7/9/25 23:41,767
7/9/25 23:42,767
7/9/25 23:42,767
7/9/25 23:43,766
7/9/25 23:43,766
7/9/25 23:44,764
7/9/25 23:44,764
7/9/25 23:46,763
7/9/25 23:46,763
7/9/25 23:47,763
7/9/25 23:48,764
7/9/25 23:48,764
7/9/25 23:49,764
7/9/25 23:49,764
7/9/25 23:50,763
7/9/25 23:50,763
7/9/25 23:51,762
7/9/25 23:51,762
7/9/25 23:52,760
7/9/25 23:52,760
7/9/25 23:53,760
7/9/25 23:53,760
7/9/25 23:54,761
7/9/25 23:54,761
7/9/25 23:55,759
7/9/25 23:56,759
7/9/25 23:56,759
7/9/25 23:57,737
7/9/25 23:57,737
7/9/25 23:58,746
7/9/25 23:58,746
7/9/25 23:59,748
7/9/25 23:59,748
7/10/25 0:00,753
7/10/25 0:00,753
7/10/25 0:01,754
7/10/25 0:01,754
7/10/25 0:02,756
7/10/25 0:02,756
7/10/25 0:03,757
7/10/25 0:03,757
7/10/25 0:04,757
7/10/25 0:04,757
7/10/25 0:05,757
7/10/25 0:05,757
7/10/25 0:06,759
7/10/25 0:06,759
7/10/25 0:07,759
7/10/25 0:08,759
7/10/25 0:08,759
7/10/25 0:09,758
7/10/25 0:09,758
7/10/25 0:10,758
7/10/25 0:10,758
7/10/25 0:11,758
7/10/25 0:11,758
7/10/25 0:13,758
7/10/25 0:13,758
7/10/25 0:14,755
7/10/25 0:14,755
7/10/25 0:15,755
7/10/25 0:15,755
7/10/25 0:16,754
7/10/25 0:17,752
7/10/25 0:17,752
7/10/25 0:18,754
7/10/25 0:18,754
7/10/25 0:19,753
7/10/25 0:19,753
7/10/25 0:20,750
7/10/25 0:21,752
7/10/25 0:22,751
7/10/25 0:22,751
7/10/25 0:23,750
7/10/25 0:24,750
7/10/25 0:25,755
7/10/25 0:25,755
7/10/25 0:26,756
7/10/25 0:26,756
7/10/25 0:27,755
7/10/25 0:27,755
7/10/25 0:28,756
7/10/25 0:28,756
7/10/25 0:29,754
7/10/25 0:29,754
7/10/25 0:30,735
7/10/25 0:30,735
7/10/25 0:31,741
7/10/25 0:31,741
7/10/25 0:32,743
7/10/25 0:32,743
7/10/25 0:33,746
7/10/25 0:33,746
7/10/25 0:34,748
7/10/25 0:34,748
7/10/25 0:35,749
7/10/25 0:35,749
7/10/25 0:36,749
7/10/25 0:36,749
7/10/25 0:38,749
7/10/25 0:38,749
7/10/25 0:39,748
7/10/25 0:39,748
7/10/25 0:40,749
7/10/25 0:41,749
7/10/25 0:41,749
7/10/25 0:42,751
7/10/25 0:42,751
7/10/25 0:43,747
7/10/25 0:43,747
7/10/25 0:44,748
7/10/25 0:44,748
7/10/25 0:45,747
7/10/25 0:45,747
7/10/25 0:46,746
7/10/25 0:46,746
7/10/25 0:47,749
7/10/25 0:47,749
7/10/25 0:48,747
7/10/25 0:49,747
7/10/25 0:49,747
7/10/25 0:50,747
7/10/25 0:50,747
7/10/25 0:51,748
7/10/25 0:51,748
7/10/25 0:52,747
7/10/25 0:52,747
7/10/25 0:53,747
7/10/25 0:53,747
7/10/25 0:54,745
7/10/25 0:54,745
7/10/25 0:55,744
7/10/25 0:55,744
7/10/25 0:56,742
7/10/25 0:56,742
7/10/25 0:57,743
7/10/25 0:57,743
7/10/25 0:59,742
7/10/25 0:59,742
7/10/25 1:00,741
7/10/25 1:00,741
7/10/25 1:01,742
7/10/25 1:01,742
7/10/25 1:02,743
7/10/25 1:02,743
7/10/25 1:03,743
7/10/25 1:03,743
7/10/25 1:04,744
7/10/25 1:04,744
7/10/25 1:05,743
7/10/25 1:05,743
7/10/25 1:06,742
7/10/25 1:06,742
7/10/25 1:07,740
7/10/25 1:07,740
7/10/25 1:08,741
7/10/25 1:08,741
7/10/25 1:09,741
7/10/25 1:09,741
7/10/25 1:10,735
7/10/25 1:10,735
7/10/25 1:11,734
7/10/25 1:11,734
7/10/25 1:12,731
7/10/25 1:12,731
7/10/25 1:13,730
7/10/25 1:13,730
7/10/25 1:14,731
7/10/25 1:14,731
7/10/25 1:15,733
7/10/25 1:15,733
7/10/25 1:16,734
7/10/25 1:16,734
7/10/25 1:17,733
7/10/25 1:17,733
7/10/25 1:18,734
7/10/25 1:18,734
7/10/25 1:20,733
7/10/25 1:20,733
7/10/25 1:21,730
7/10/25 1:21,730
7/10/25 1:22,731
7/10/25 1:23,731
7/10/25 1:23,731
7/10/25 1:24,732
7/10/25 1:24,732
7/10/25 1:25,732
7/10/25 1:26,733
7/10/25 1:26,733
7/10/25 1:27,730
7/10/25 1:27,730
7/10/25 1:28,710
7/10/25 1:30,716
7/10/25 1:30,716
7/10/25 1:31,720
7/10/25 1:31,720
7/10/25 1:33,724
7/10/25 1:33,724
7/10/25 1:34,728
7/10/25 1:34,728
7/10/25 1:36,728
7/10/25 1:36,728
7/10/25 1:37,727
7/10/25 1:38,727
7/10/25 1:38,727
7/10/25 1:39,723
7/10/25 1:40,723
7/10/25 1:40,723
7/10/25 1:41,723
7/10/25 1:41,723
7/10/25 1:42,720
7/10/25 1:42,720
7/10/25 1:43,716
7/10/25 1:43,716
7/10/25 1:44,713
7/10/25 1:44,713
7/10/25 1:45,715
7/10/25 1:45,715
7/10/25 1:46,719
7/10/25 1:46,719
7/10/25 1:47,719
7/10/25 1:47,719
7/10/25 1:48,717
7/10/25 1:48,717
7/10/25 1:49,719
7/10/25 1:49,719
7/10/25 1:51,721
7/10/25 1:51,721
7/10/25 1:52,721
7/10/25 1:52,721
7/10/25 1:53,720
7/10/25 1:53,720
7/10/25 1:54,719
7/10/25 1:54,719
7/10/25 1:55,718
7/10/25 1:55,718
7/10/25 1:56,720
7/10/25 1:56,720
7/10/25 1:57,720
7/10/25 1:57,720
7/10/25 1:58,720
7/10/25 1:58,720
7/10/25 1:59,720
7/10/25 1:59,720
7/10/25 2:00,719
7/10/25 2:00,719
7/10/25 2:01,718
7/10/25 2:02,717
7/10/25 2:03,715
7/10/25 2:03,715
7/10/25 2:04,718
7/10/25 2:04,718
7/10/25 2:05,719
7/10/25 2:05,719
7/10/25 2:06,717
7/10/25 2:07,714
7/10/25 2:07,714
7/10/25 2:08,714
7/10/25 2:08,714
7/10/25 2:09,712
7/10/25 2:09,712
7/10/25 2:10,710
7/10/25 2:10,710
7/10/25 2:12,711
7/10/25 2:12,711
7/10/25 2:13,713
7/10/25 2:13,713
7/10/25 2:14,713
7/10/25 2:14,713
7/10/25 2:15,713
7/10/25 2:15,713
7/10/25 2:16,714
7/10/25 2:16,714
7/10/25 2:17,712
7/10/25 2:17,712
7/10/25 2:18,711
7/10/25 2:18,711
7/10/25 2:19,710
7/10/25 2:19,710
7/10/25 2:20,711
7/10/25 2:20,711
7/10/25 2:21,713
7/10/25 2:21,713
7/10/25 2:22,714
7/10/25 2:23,715
7/10/25 2:23,715
7/10/25 2:24,715
7/10/25 2:24,715
7/10/25 2:25,715
7/10/25 2:25,715
7/10/25 2:26,712
7/10/25 2:26,712
7/10/25 2:27,713
7/10/25 2:27,713
7/10/25 2:28,713
7/10/25 2:28,713
7/10/25 2:29,710
7/10/25 2:29,710
7/10/25 2:30,709
7/10/25 2:31,710
7/10/25 2:31,710
7/10/25 2:33,708
7/10/25 2:33,708
7/10/25 2:34,711
7/10/25 2:34,711
7/10/25 2:35,711
7/10/25 2:35,711
7/10/25 2:36,710
7/10/25 2:36,710
7/10/25 2:37,707
7/10/25 2:37,707
7/10/25 2:38,708
7/10/25 2:38,708
7/10/25 2:39,710
7/10/25 2:39,710
7/10/25 2:40,711
7/10/25 2:40,711
7/10/25 2:41,708
7/10/25 2:41,708
7/10/25 2:42,708
7/10/25 2:43,706
7/10/25 2:43,706
7/10/25 2:44,706
7/10/25 2:45,704
7/10/25 2:45,704
7/10/25 2:46,703
7/10/25 2:47,704
7/10/25 2:47,704
7/10/25 2:48,701
7/10/25 2:48,701
7/10/25 2:49,701
7/10/25 2:49,701
7/10/25 2:50,703
7/10/25 2:50,703
7/10/25 2:51,706
7/10/25 2:51,706
7/10/25 2:52,705
7/10/25 2:52,705
7/10/25 2:54,704
7/10/25 2:54,704
7/10/25 2:55,704
7/10/25 2:55,704
7/10/25 2:56,705
7/10/25 2:56,705
7/10/25 2:57,707
7/10/25 2:57,707
7/10/25 2:58,702
7/10/25 2:58,702
7/10/25 2:59,702
7/10/25 2:59,702
7/10/25 3:00,701
7/10/25 3:00,701
7/10/25 3:01,701
7/10/25 3:02,701
7/10/25 3:02,701
7/10/25 3:03,698
7/10/25 3:03,698
7/10/25 3:04,700
7/10/25 3:04,700
7/10/25 3:05,701
7/10/25 3:05,701
7/10/25 3:06,690
7/10/25 3:06,690
7/10/25 3:07,688
7/10/25 3:07,688
7/10/25 3:08,690
7/10/25 3:08,690
7/10/25 3:09,690
7/10/25 3:09,690
7/10/25 3:10,693
7/10/25 3:10,693
7/10/25 3:11,691
7/10/25 3:11,691
7/10/25 3:12,692
7/10/25 3:12,692
7/10/25 3:13,693
7/10/25 3:13,693
7/10/25 3:15,695
7/10/25 3:16,696
7/10/25 3:16,696
7/10/25 3:17,699
7/10/25 3:17,699
7/10/25 3:18,702
7/10/25 3:18,702
7/10/25 3:19,703
7/10/25 3:19,703
7/10/25 3:20,704
7/10/25 3:20,704
7/10/25 3:21,704
7/10/25 3:22,704
7/10/25 3:22,704
7/10/25 3:23,706
7/10/25 3:23,706
7/10/25 3:24,704
7/10/25 3:25,703
7/10/25 3:25,703
7/10/25 3:26,702
7/10/25 3:26,702
7/10/25 3:27,702
7/10/25 3:27,702
7/10/25 3:28,702
7/10/25 3:28,702
7/10/25 3:29,699
7/10/25 3:29,699
7/10/25 3:30,698
7/10/25 3:30,698
7/10/25 3:31,696
7/10/25 3:31,696
7/10/25 3:32,695
7/10/25 3:32,695
7/10/25 3:33,692
7/10/25 3:33,692
7/10/25 3:34,691
7/10/25 3:34,691
7/10/25 3:36,690
7/10/25 3:36,690
7/10/25 3:37,690
7/10/25 3:37,690
7/10/25 3:38,682
7/10/25 3:38,682
7/10/25 3:39,679
7/10/25 3:40,681
7/10/25 3:40,681
7/10/25 3:41,683
7/10/25 3:41,683
7/10/25 3:42,688
7/10/25 3:42,688
7/10/25 3:43,689
7/10/25 3:43,689
7/10/25 3:44,688
7/10/25 3:45,685
7/10/25 3:45,685
7/10/25 3:46,685
7/10/25 3:46,685
7/10/25 3:47,682
7/10/25 3:47,682
7/10/25 3:48,681
7/10/25 3:48,681
7/10/25 3:49,681
7/10/25 3:49,681
7/10/25 3:51,684
7/10/25 3:51,684
7/10/25 3:52,682
7/10/25 3:52,682
7/10/25 3:53,680
7/10/25 3:54,679
7/10/25 3:54,679
7/10/25 3:55,679
7/10/25 3:55,679
7/10/25 3:56,685
7/10/25 3:56,685
7/10/25 3:57,686
7/10/25 3:57,686
7/10/25 3:58,687
7/10/25 3:58,687
7/10/25 3:59,689
7/10/25 3:59,689
7/10/25 4:00,690
7/10/25 4:00,690
7/10/25 4:01,690
7/10/25 4:01,690
7/10/25 4:02,691
7/10/25 4:02,691
7/10/25 4:03,690
7/10/25 4:04,688
7/10/25 4:04,688
7/10/25 4:05,677
7/10/25 4:06,673
7/10/25 4:06,673
7/10/25 4:07,673
7/10/25 4:07,673
7/10/25 4:08,676
7/10/25 4:08,676
7/10/25 4:09,678
7/10/25 4:09,678
7/10/25 4:10,676
7/10/25 4:10,676
7/10/25 4:12,675
7/10/25 4:12,675
7/10/25 4:13,675
7/10/25 4:13,675
7/10/25 4:14,674
7/10/25 4:14,674
7/10/25 4:15,673
7/10/25 4:15,673
7/10/25 4:16,673
7/10/25 4:17,672
7/10/25 4:18,674
7/10/25 4:18,674
7/10/25 4:19,672
7/10/25 4:19,672
7/10/25 4:20,669
7/10/25 4:20,669
7/10/25 4:21,670
7/10/25 4:21,670
7/10/25 4:23,669
7/10/25 4:23,669
7/10/25 4:24,670
7/10/25 4:24,670
7/10/25 4:25,670
7/10/25 4:25,670
7/10/25 4:26,671
7/10/25 4:26,671
7/10/25 4:27,675
7/10/25 4:27,675
7/10/25 4:28,676
7/10/25 4:28,676
7/10/25 4:29,677
7/10/25 4:29,677
7/10/25 4:30,678
7/10/25 4:30,678
7/10/25 4:31,678
7/10/25 4:31,678
7/10/25 4:33,673
7/10/25 4:33,673
7/10/25 4:34,670
7/10/25 4:34,670
7/10/25 4:35,672
7/10/25 4:35,672
7/10/25 4:36,671
7/10/25 4:36,671
7/10/25 4:37,671
7/10/25 4:37,671
7/10/25 4:38,671
7/10/25 4:38,671
7/10/25 4:39,671
7/10/25 4:39,671
7/10/25 4:40,672
7/10/25 4:40,672
7/10/25 4:41,676
7/10/25 4:42,676
7/10/25 4:42,676
7/10/25 4:43,677
7/10/25 4:43,677
7/10/25 4:44,676
7/10/25 4:44,676
7/10/25 4:45,675
7/10/25 4:45,675
7/10/25 4:46,675
7/10/25 4:46,675
7/10/25 4:47,671
7/10/25 4:47,671
7/10/25 4:48,668
7/10/25 4:48,668
7/10/25 4:49,667
7/10/25 4:50,667
7/10/25 4:51,667
7/10/25 4:51,667
7/10/25 4:52,670
7/10/25 4:52,670
7/10/25 4:54,676
7/10/25 4:54,676
7/10/25 4:55,679
7/10/25 4:55,679
7/10/25 4:56,685
7/10/25 4:57,684
7/10/25 4:58,683
7/10/25 4:58,683
7/10/25 4:59,685
7/10/25 4:59,685
7/10/25 5:00,684
7/10/25 5:00,684
7/10/25 5:01,684
7/10/25 5:01,684
7/10/25 5:02,684
7/10/25 5:02,684
7/10/25 5:03,683
7/10/25 5:03,683
7/10/25 5:04,677
7/10/25 5:04,677
7/10/25 5:05,670
7/10/25 5:05,670
7/10/25 5:06,665
7/10/25 5:06,665
7/10/25 5:07,658
7/10/25 5:07,658
7/10/25 5:08,651
7/10/25 5:08,651
7/10/25 5:09,646
7/10/25 5:09,646
7/10/25 5:10,640
7/10/25 5:10,640
7/10/25 5:11,635
7/10/25 5:13,625
7/10/25 5:13,625
7/10/25 5:15,623
7/10/25 5:15,623
7/10/25 5:16,619
7/10/25 5:16,619
7/10/25 5:17,611
7/10/25 5:17,611
7/10/25 5:18,604
7/10/25 5:18,604
7/10/25 5:19,600
7/10/25 5:19,600
7/10/25 5:20,593
7/10/25 5:20,593
7/10/25 5:21,591
7/10/25 5:21,591
7/10/25 5:22,587
7/10/25 5:22,587
7/10/25 5:23,585
7/10/25 5:23,585
7/10/25 5:24,584
7/10/25 5:24,584
7/10/25 5:25,581
7/10/25 5:25,581
7/10/25 5:26,579
7/10/25 5:27,578
7/10/25 5:27,578
7/10/25 5:28,574
7/10/25 5:28,574
7/10/25 5:29,571
7/10/25 5:29,571
7/10/25 5:30,571
7/10/25 5:30,571
7/10/25 5:31,574
7/10/25 5:31,574
7/10/25 5:32,574
7/10/25 5:32,574
7/10/25 5:33,571
7/10/25 5:33,571
7/10/25 5:34,569
7/10/25 5:34,569
7/10/25 5:36,565
7/10/25 5:36,565
7/10/25 5:37,563
7/10/25 5:37,563
7/10/25 5:39,560
7/10/25 5:40,560
7/10/25 5:40,560
7/10/25 5:41,556
7/10/25 5:41,556
7/10/25 5:42,554
7/10/25 5:42,554
7/10/25 5:43,556
7/10/25 5:43,556
7/10/25 5:44,556
7/10/25 5:44,556
7/10/25 5:45,554
7/10/25 5:45,554
7/10/25 5:46,553
7/10/25 5:46,553
7/10/25 5:47,555
7/10/25 5:47,555
7/10/25 5:48,554
7/10/25 5:49,553
7/10/25 5:49,553
7/10/25 5:50,550
7/10/25 5:50,550
7/10/25 5:51,549
7/10/25 5:51,549
7/10/25 5:52,547
7/10/25 5:52,547
7/10/25 5:53,547
7/10/25 5:53,547
7/10/25 5:54,547
7/10/25 5:55,547
7/10/25 5:55,547
7/10/25 5:57,549
7/10/25 5:57,549
7/10/25 5:58,549
7/10/25 5:58,549
7/10/25 5:59,550
7/10/25 5:59,550
7/10/25 6:00,549
7/10/25 6:00,549
7/10/25 6:01,550
7/10/25 6:01,550
7/10/25 6:02,549
7/10/25 6:03,550
7/10/25 6:04,550
7/10/25 6:05,549
7/10/25 6:05,549
7/10/25 6:06,548
7/10/25 6:06,548
7/10/25 6:07,548
7/10/25 6:07,548
7/10/25 6:08,547
7/10/25 6:09,545
7/10/25 6:09,545
7/10/25 6:10,547
7/10/25 6:10,547
7/10/25 6:11,547
7/10/25 6:11,547
7/10/25 6:12,546
7/10/25 6:13,545
7/10/25 6:13,545
7/10/25 6:14,546
7/10/25 6:14,546
7/10/25 6:15,545
7/10/25 6:15,545
7/10/25 6:16,545
7/10/25 6:16,545
7/10/25 6:18,545
7/10/25 6:18,545
7/10/25 6:19,546
7/10/25 6:19,546
7/10/25 6:20,546
7/10/25 6:20,546
7/10/25 6:21,549
7/10/25 6:21,549
7/10/25 6:22,548
7/10/25 6:22,548
7/10/25 6:23,546
7/10/25 6:23,546
7/10/25 6:24,546
7/10/25 6:24,546
7/10/25 6:25,544
7/10/25 6:25,544
7/10/25 6:26,540
7/10/25 6:26,540
7/10/25 6:27,541
7/10/25 6:27,541
7/10/25 6:28,544
7/10/25 6:28,544
7/10/25 6:29,544
7/10/25 6:30,545
7/10/25 6:30,545
7/10/25 6:31,545
7/10/25 6:32,545
7/10/25 6:32,545
7/10/25 6:33,544
7/10/25 6:33,544
7/10/25 6:34,547
7/10/25 6:34,547
7/10/25 6:35,548
7/10/25 6:35,548
7/10/25 6:36,547
7/10/25 6:36,547
7/10/25 6:37,550
7/10/25 6:37,550
7/10/25 6:39,548
7/10/25 6:39,548
7/10/25 6:40,547
7/10/25 6:40,547
7/10/25 6:41,548
7/10/25 6:41,548
7/10/25 6:42,549
7/10/25 6:42,549
7/10/25 6:43,549
7/10/25 6:44,550
7/10/25 6:44,550
7/10/25 6:45,549
7/10/25 6:45,549
7/10/25 6:46,551
7/10/25 6:46,551
7/10/25 6:47,551
7/10/25 6:47,551
7/10/25 6:48,546
7/10/25 6:48,546
7/10/25 6:49,546
7/10/25 6:49,546
7/10/25 6:50,544
7/10/25 6:50,544
7/10/25 6:51,546
7/10/25 6:51,546
7/10/25 6:52,544
7/10/25 6:52,544
7/10/25 6:53,545
7/10/25 6:53,545
7/10/25 6:54,547
7/10/25 6:54,547
7/10/25 6:55,550
7/10/25 6:55,550
7/10/25 6:56,551
7/10/25 6:56,551
7/10/25 6:57,553
7/10/25 6:57,553
7/10/25 6:58,551
7/10/25 6:58,551
7/10/25 7:00,551
7/10/25 7:00,551
7/10/25 7:01,548
7/10/25 7:01,548
7/10/25 7:02,548
7/10/25 7:02,548
7/10/25 7:03,548
7/10/25 7:03,548
7/10/25 7:04,548
7/10/25 7:04,548
7/10/25 7:05,546
7/10/25 7:05,546
7/10/25 7:06,546
7/10/25 7:06,546
7/10/25 7:07,545
7/10/25 7:08,547
7/10/25 7:08,547
7/10/25 7:09,545
7/10/25 7:09,545
7/10/25 7:10,544
7/10/25 7:10,544
7/10/25 7:11,545
7/10/25 7:11,545
7/10/25 7:12,545
7/10/25 7:12,545
7/10/25 7:13,544
7/10/25 7:13,544
7/10/25 7:14,543
7/10/25 7:14,543
7/10/25 7:15,547
7/10/25 7:15,547
7/10/25 7:16,546
7/10/25 7:16,546
7/10/25 7:17,545
7/10/25 7:17,545
7/10/25 7:18,544
7/10/25 7:18,544
7/10/25 7:19,544
7/10/25 7:21,543
7/10/25 7:21,543
7/10/25 7:22,542
7/10/25 7:22,542
7/10/25 7:23,541
7/10/25 7:23,541
7/10/25 7:24,543
7/10/25 7:25,546
7/10/25 7:25,546
7/10/25 7:26,546
7/10/25 7:26,546
7/10/25 7:27,547
7/10/25 7:27,547
7/10/25 7:29,544
7/10/25 7:29,544
7/10/25 7:30,544
7/10/25 7:31,544
7/10/25 7:32,544
7/10/25 7:32,544
7/10/25 7:33,543
7/10/25 7:33,543
7/10/25 7:34,546
7/10/25 7:35,543
7/10/25 7:35,543
7/10/25 7:36,544
7/10/25 7:36,544
7/10/25 7:37,546
7/10/25 7:37,546
7/10/25 7:39,546
7/10/25 7:39,546
7/10/25 7:40,546
7/10/25 7:42,543
7/10/25 7:42,543
7/10/25 7:43,543
7/10/25 7:43,543
7/10/25 7:44,544
7/10/25 7:44,544
7/10/25 7:45,543
7/10/25 7:45,543
7/10/25 7:46,543
7/10/25 7:46,543
7/10/25 7:47,544
7/10/25 7:47,544
7/10/25 7:48,544
7/10/25 7:48,544
7/10/25 7:49,544
7/10/25 7:50,544
7/10/25 7:50,544
7/10/25 7:51,543
7/10/25 7:52,542
7/10/25 7:52,542
7/10/25 7:53,543
7/10/25 7:53,543
7/10/25 7:54,543
7/10/25 7:54,543
7/10/25 7:55,543
7/10/25 7:55,543
7/10/25 7:56,544
7/10/25 7:56,544
7/10/25 7:57,544
7/10/25 7:57,544
7/10/25 7:58,545
7/10/25 7:58,545
7/10/25 7:59,545
7/10/25 7:59,545
7/10/25 8:00,546
7/10/25 8:00,546
7/10/25 8:01,544
7/10/25 8:01,544
7/10/25 8:02,545
7/10/25 8:02,545
7/10/25 8:03,546
7/10/25 8:03,546
7/10/25 8:04,546
7/10/25 8:04,546
7/10/25 8:05,546
7/10/25 8:05,546
7/10/25 8:07,545
7/10/25 8:07,545
7/10/25 8:08,546
7/10/25 8:08,546
7/10/25 8:09,546
7/10/25 8:09,546
7/10/25 8:11,548
7/10/25 8:11,548
7/10/25 8:12,532
7/10/25 8:12,532
7/10/25 8:13,538
7/10/25 8:13,538
7/10/25 8:14,540
7/10/25 8:14,540
7/10/25 8:15,538
7/10/25 8:15,538
7/10/25 8:16,542
7/10/25 8:17,542
7/10/25 8:17,542
7/10/25 8:18,544
7/10/25 8:18,544
7/10/25 8:19,543
7/10/25 8:19,543
7/10/25 8:20,543
7/10/25 8:20,543
7/10/25 8:21,545
7/10/25 8:21,545
7/10/25 8:22,544
7/10/25 8:22,544
7/10/25 8:23,546
7/10/25 8:23,546
7/10/25 8:24,547
7/10/25 8:24,547
7/10/25 8:25,547
7/10/25 8:25,547
7/10/25 8:26,547
7/10/25 8:26,547
7/10/25 8:27,548
7/10/25 8:27,548
7/10/25 8:28,546
7/10/25 8:28,546
7/10/25 8:29,546
7/10/25 8:29,546
7/10/25 8:31,548
7/10/25 8:31,548
7/10/25 8:32,550
7/10/25 8:32,550
7/10/25 8:33,548
7/10/25 8:33,548
7/10/25 8:34,550
7/10/25 8:35,548
7/10/25 8:35,548
7/10/25 8:36,548
7/10/25 8:36,548
7/10/25 8:37,549
7/10/25 8:37,549
7/10/25 8:38,548
7/10/25 8:38,548
7/10/25 8:39,551
7/10/25 8:40,550
7/10/25 8:41,545
7/10/25 8:41,545
7/10/25 8:42,548
7/10/25 8:42,548
7/10/25 8:43,548
7/10/25 8:43,548
7/10/25 8:44,549
7/10/25 8:44,549
7/10/25 8:45,547
7/10/25 8:45,547
7/10/25 8:46,545
7/10/25 8:46,545
7/10/25 8:47,546
7/10/25 8:47,546
7/10/25 8:48,546
7/10/25 8:48,546
7/10/25 8:49,544
7/10/25 8:49,544
7/10/25 8:50,544
7/10/25 8:50,544
7/10/25 8:51,544
7/10/25 8:51,544
7/10/25 8:52,544
7/10/25 8:52,544
7/10/25 8:53,547
7/10/25 8:54,545
7/10/25 8:54,545
7/10/25 8:55,544
7/10/25 8:56,543
7/10/25 8:56,543
7/10/25 8:58,543
7/10/25 8:59,544
7/10/25 8:59,544
7/10/25 9:00,548
7/10/25 9:00,548
7/10/25 9:01,547
7/10/25 9:01,547
7/10/25 9:02,548
7/10/25 9:02,548
7/10/25 9:03,549
7/10/25 9:03,549
7/10/25 9:04,550
7/10/25 9:05,551
7/10/25 9:06,552
7/10/25 9:06,552
7/10/25 9:07,556
7/10/25 9:07,556
7/10/25 9:08,556
7/10/25 9:08,556
7/10/25 9:09,555
7/10/25 9:09,555
7/10/25 9:10,554
7/10/25 9:10,554
7/10/25 9:11,555
7/10/25 9:11,555
7/10/25 9:12,558
7/10/25 9:12,558
7/10/25 9:13,560
7/10/25 9:13,560
7/10/25 9:14,560
7/10/25 9:14,560
7/10/25 9:15,561
7/10/25 9:15,561
7/10/25 9:16,562
7/10/25 9:16,562
7/10/25 9:17,562
7/10/25 9:17,562
7/10/25 9:19,560
7/10/25 9:19,560
7/10/25 9:20,562
7/10/25 9:20,562
7/10/25 9:21,565
7/10/25 9:21,565
7/10/25 9:22,564
7/10/25 9:22,564
7/10/25 9:23,565
7/10/25 9:23,565
7/10/25 9:24,566
7/10/25 9:24,566
7/10/25 9:25,567
7/10/25 9:25,567
7/10/25 9:26,567
7/10/25 9:26,567
7/10/25 9:27,566
7/10/25 9:27,566
7/10/25 9:28,565
7/10/25 9:28,565
7/10/25 9:29,579
7/10/25 9:29,579
7/10/25 9:30,569
7/10/25 9:30,569
7/10/25 9:31,589
7/10/25 9:31,589
7/10/25 9:32,602
7/10/25 9:32,602
7/10/25 9:33,609
7/10/25 9:33,609
7/10/25 9:34,610
7/10/25 9:34,610
7/10/25 9:35,604
7/10/25 9:35,604
7/10/25 9:36,590
7/10/25 9:36,590
7/10/25 9:37,584
7/10/25 9:37,584
7/10/25 9:38,581
7/10/25 9:38,581
7/10/25 9:40,579
7/10/25 9:40,579
7/10/25 9:41,576
7/10/25 9:41,576
7/10/25 9:42,575
7/10/25 9:42,575
7/10/25 9:43,575
7/10/25 9:43,575
7/10/25 9:44,573
7/10/25 9:44,573
7/10/25 9:45,582
7/10/25 9:45,582
7/10/25 9:46,596
7/10/25 9:46,596
7/10/25 9:47,599
7/10/25 9:47,599
7/10/25 9:48,603
7/10/25 9:48,603
7/10/25 9:49,600
7/10/25 9:49,600
7/10/25 9:50,600
7/10/25 9:50,600
7/10/25 9:51,597
7/10/25 9:51,597
7/10/25 9:52,591
7/10/25 9:52,591
7/10/25 9:53,588
7/10/25 9:53,588
7/10/25 9:54,587
7/10/25 9:54,587
7/10/25 9:55,585
7/10/25 9:55,585
7/10/25 9:56,587
7/10/25 9:56,587
7/10/25 9:57,586
7/10/25 9:57,586
7/10/25 9:58,576
7/10/25 9:58,576
7/10/25 9:59,584
7/10/25 9:59,584
7/10/25 10:01,581
7/10/25 10:01,581
7/10/25 10:02,584
7/10/25 10:02,584
7/10/25 10:03,583
7/10/25 10:03,583
7/10/25 10:04,579
7/10/25 10:04,579
7/10/25 10:05,580
7/10/25 10:05,580
7/10/25 10:06,583
7/10/25 10:06,583
7/10/25 10:07,582
7/10/25 10:07,582
7/10/25 10:08,583
7/10/25 10:09,582
7/10/25 10:09,582
7/10/25 10:10,585
7/10/25 10:10,585
7/10/25 10:11,585
7/10/25 10:11,585
7/10/25 10:12,582
7/10/25 10:12,582
7/10/25 10:13,581
7/10/25 10:14,582
7/10/25 10:14,582
7/10/25 10:15,582
7/10/25 10:15,582
7/10/25 10:16,581
7/10/25 10:16,581
7/10/25 10:17,578
7/10/25 10:17,578
7/10/25 10:18,579
7/10/25 10:18,579
7/10/25 10:20,574
7/10/25 10:20,574
7/10/25 10:21,588
7/10/25 10:22,598
7/10/25 10:22,598
7/10/25 10:23,605
7/10/25 10:23,605
7/10/25 10:24,610
7/10/25 10:24,610
7/10/25 10:25,613
7/10/25 10:25,613
7/10/25 10:26,615
7/10/25 10:26,615
7/10/25 10:27,617
7/10/25 10:27,617
7/10/25 10:28,619
7/10/25 10:28,619
7/10/25 10:29,622
7/10/25 10:29,622
7/10/25 10:31,622
7/10/25 10:31,622
7/10/25 10:32,625
7/10/25 10:32,625
7/10/25 10:33,623
7/10/25 10:33,623
7/10/25 10:34,622
7/10/25 10:35,623
7/10/25 10:35,623
7/10/25 10:36,621
7/10/25 10:37,622
7/10/25 10:39,620
7/10/25 10:39,620
7/10/25 10:40,619
7/10/25 10:40,619
7/10/25 10:41,617
7/10/25 10:41,617
7/10/25 10:42,615
7/10/25 10:42,615
7/10/25 10:43,611
7/10/25 10:43,611
7/10/25 10:44,607
7/10/25 10:44,607
7/10/25 10:45,609
7/10/25 10:45,609
7/10/25 10:46,604
7/10/25 10:47,607
7/10/25 10:47,607
7/10/25 10:48,610
7/10/25 10:48,610
7/10/25 10:49,614
7/10/25 10:49,614
7/10/25 10:50,614
7/10/25 10:50,614
7/10/25 10:52,615
7/10/25 10:52,615
7/10/25 10:53,614
7/10/25 10:53,614
7/10/25 10:54,612
7/10/25 10:54,612
7/10/25 10:55,612
7/10/25 10:55,612
7/10/25 10:56,611
7/10/25 10:56,611
7/10/25 10:57,612
7/10/25 10:57,612
7/10/25 10:58,614
7/10/25 10:58,614
7/10/25 10:59,616
7/10/25 10:59,616
7/10/25 11:00,618
7/10/25 11:00,618
7/10/25 11:01,623
7/10/25 11:01,623
7/10/25 11:02,626
7/10/25 11:02,626
7/10/25 11:03,630
7/10/25 11:03,630
7/10/25 11:04,631
7/10/25 11:04,631
7/10/25 11:05,633
7/10/25 11:05,633
7/10/25 11:06,636
7/10/25 11:06,636
7/10/25 11:07,636
7/10/25 11:07,636
7/10/25 11:08,636
7/10/25 11:08,636
7/10/25 11:09,634
7/10/25 11:09,634
7/10/25 11:10,632
7/10/25 11:10,632
7/10/25 11:11,631
7/10/25 11:13,627
7/10/25 11:13,627
7/10/25 11:14,627
7/10/25 11:15,629
7/10/25 11:15,629
7/10/25 11:16,625
7/10/25 11:16,625
7/10/25 11:17,622
7/10/25 11:17,622
7/10/25 11:18,624
7/10/25 11:18,624
7/10/25 11:19,622
7/10/25 11:19,622
7/10/25 11:20,613
7/10/25 11:20,613
7/10/25 11:21,610
7/10/25 11:21,610
7/10/25 11:22,616
7/10/25 11:22,616
7/10/25 11:23,624
7/10/25 11:23,624
7/10/25 11:24,629
7/10/25 11:24,629
7/10/25 11:25,630
7/10/25 11:25,630
7/10/25 11:26,630
7/10/25 11:26,630
7/10/25 11:27,630
7/10/25 11:27,630
7/10/25 11:28,628
7/10/25 11:28,628
7/10/25 11:29,629
7/10/25 11:29,629
7/10/25 11:31,629
7/10/25 11:32,627
7/10/25 11:32,627
7/10/25 11:34,624
7/10/25 11:35,624
7/10/25 11:35,624
7/10/25 11:36,626
7/10/25 11:36,626
7/10/25 11:37,625
7/10/25 11:37,625
7/10/25 11:38,623
7/10/25 11:38,623
7/10/25 11:39,624
7/10/25 11:39,624
7/10/25 11:40,622
7/10/25 11:40,622
7/10/25 11:41,621
7/10/25 11:42,618
7/10/25 11:42,618
7/10/25 11:43,618
7/10/25 11:43,618
7/10/25 11:44,618
7/10/25 11:44,618
7/10/25 11:45,618
7/10/25 11:45,618
7/10/25 11:46,615
7/10/25 11:46,615
7/10/25 11:47,616
7/10/25 11:47,616
7/10/25 11:48,619
7/10/25 11:48,619
7/10/25 11:49,619
7/10/25 11:49,619
7/10/25 11:50,622
7/10/25 11:50,622
7/10/25 11:52,620
7/10/25 11:52,620
7/10/25 11:53,626
7/10/25 11:53,626
7/10/25 11:54,631
7/10/25 11:54,631
7/10/25 11:55,637
7/10/25 11:55,637
7/10/25 11:56,640
7/10/25 11:56,640
7/10/25 11:57,642
7/10/25 11:57,642
7/10/25 11:58,643
7/10/25 11:58,643
7/10/25 11:59,642
7/10/25 11:59,642
7/10/25 12:00,644
7/10/25 12:00,644
7/10/25 12:01,644
7/10/25 12:01,644
7/10/25 12:02,646
7/10/25 12:02,646
7/10/25 12:03,647
7/10/25 12:04,646
7/10/25 12:04,646
7/10/25 12:05,647
7/10/25 12:05,647
7/10/25 12:06,646
7/10/25 12:06,646
7/10/25 12:07,647
7/10/25 12:07,647
7/10/25 12:08,646
7/10/25 12:08,646
7/10/25 12:09,645
7/10/25 12:09,645
7/10/25 12:10,640
7/10/25 12:11,639
7/10/25 12:11,639
7/10/25 12:13,638
7/10/25 12:13,638
7/10/25 12:14,636
7/10/25 12:14,636
7/10/25 12:15,631
7/10/25 12:15,631
7/10/25 12:16,589
7/10/25 12:16,589
7/10/25 12:17,619
7/10/25 12:17,619
7/10/25 12:18,633
7/10/25 12:18,633
7/10/25 12:19,635
7/10/25 12:20,636
7/10/25 12:20,636
7/10/25 12:21,636
7/10/25 12:21,636
7/10/25 12:22,638
7/10/25 12:22,638
7/10/25 12:23,639
7/10/25 12:23,639
7/10/25 12:24,639
7/10/25 12:24,639
7/10/25 12:25,640
7/10/25 12:25,640
7/10/25 12:26,640
7/10/25 12:26,640
7/10/25 12:27,639
7/10/25 12:27,639
7/10/25 12:28,635
7/10/25 12:28,635
7/10/25 12:30,633
7/10/25 12:30,633
7/10/25 12:31,624
7/10/25 12:31,624
7/10/25 12:32,631
7/10/25 12:32,631
7/10/25 12:33,642
7/10/25 12:34,645
7/10/25 12:34,645
7/10/25 12:35,647
7/10/25 12:35,647
7/10/25 12:36,650
7/10/25 12:36,650
7/10/25 12:37,653
7/10/25 12:37,653
7/10/25 12:38,658
7/10/25 12:39,658
7/10/25 12:39,658
7/10/25 12:40,659
7/10/25 12:40,659
7/10/25 12:41,660
7/10/25 12:41,660
7/10/25 12:42,660
7/10/25 12:42,660
7/10/25 12:43,658
7/10/25 12:43,658
7/10/25 12:44,647
7/10/25 12:44,647
7/10/25 12:45,638
7/10/25 12:45,638
7/10/25 12:46,637
7/10/25 12:46,637
7/10/25 12:47,637
7/10/25 12:47,637
7/10/25 12:48,637
7/10/25 12:48,637
7/10/25 12:49,640
7/10/25 12:49,640
7/10/25 12:51,638
7/10/25 12:51,638
7/10/25 12:52,641
7/10/25 12:52,641
7/10/25 12:53,641
7/10/25 12:53,641
7/10/25 12:54,639
7/10/25 12:54,639
7/10/25 12:55,656
7/10/25 12:55,656
7/10/25 12:56,658
7/10/25 12:56,658
7/10/25 12:57,648
7/10/25 12:57,648
7/10/25 12:58,645
7/10/25 12:58,645
7/10/25 12:59,641
7/10/25 13:02,699
7/10/25 13:02,699
7/10/25 13:03,683
7/10/25 13:03,683
7/10/25 13:04,705
7/10/25 13:04,705
7/10/25 13:05,708
7/10/25 13:05,708